,vuln_id,patch,cavfd
689,CVE-2022-24891,"File: src/main/java/org/owasp/esapi/reference/DefaultValidator.java, Class: DefaultValidator, Method: getValidFileContent, Signature: byte getValidFileContent(String,byte,int,boolean)","{
 ""analysis"": ""The current patch modifies the method signature of `getValidFileContent` in the `DefaultValidator` class, adding parameters to potentially support more complex file content validation scenarios. This aligns with the characteristics of the historical vulnerability fix CVE-2022-24891, which involved enhancing file content validation processes. The purpose of the current patch appears to be improving security and usability by allowing more flexible and specific control over the validation process. However, without the actual patch content, it's challenging to definitively determine if the patch directly addresses a known vulnerability like CVE-2022-24891. The implications of the change include potential backward compatibility issues, performance impacts, and the need for comprehensive testing to ensure no regressions occur. Based on the analysis, there is a strong indication that the patch aims to address security concerns, but it may not necessarily be a direct fix for CVE-2022-24891."",
 ""vulnerability_fix"": ""likely""
}

This conclusion is based on the assumption that the method signature changes and additional parameters are indicative of enhanced security features, which are common in vulnerability fixes. However, without the actual patch content, we cannot conclusively state that it directly fixes CVE-2022-24891."
591,CVE-2022-46166,"File: spring-boot-admin-server/src/main/java/de/codecentric/boot/admin/server/notify/PagerdutyNotifier.java, Class: PagerdutyNotifier, Method: getDescription, Signature: String getDescription(InstanceEvent,Instance)","```json
{
  ""analysis"": ""The current patch and the historical vulnerability fix share several similarities in terms of their purpose and implications. Both involve adding or modifying a `getDescription` method in different notifier classes (`PagerdutyNotifier` vs `OpsGenieNotifier`) to enhance the detail and context of notification messages. The method signatures in both cases include `InstanceEvent` and `Instance`, indicating a focus on providing more contextual information. However, the historical fix (CVE-2022-46166) explicitly mentions it as part of fixing a vulnerability, which implies that the `getDescription` method was crucial for addressing security concerns related to notification logic. In contrast, the current patch does not explicitly mention a security concern but focuses on enhancing the detail and context of the notifications. While the current patch may indirectly contribute to better security by providing more informative notifications, it does not seem to directly address a known vulnerability."",
  ""vulnerability_fix"": ""no""
}
```"
325,CVE-2022-32287,"File: uimaj-core/src/main/java/org/apache/uima/pear/util/FileUtil.java, Class: FileUtil, Method: getRelativePath, Signature: String getRelativePath(File,String)","{
 ""analysis"": ""The current patch modifies the `getRelativePath` method in the `FileUtil` class to accept a `File` object and a `String` as parameters instead of just a `String`. This change enhances the method's flexibility and potentially improves performance by directly accepting a `File` object. The primary purpose seems to be simplifying the API for users needing to compute relative paths. Unlike the historical vulnerability fix (CVE-2018-17297), which introduced or modified a method to handle multiple file paths and aimed at expanding the API and simplifying the process of working with multiple files, the current patch focuses on enhancing a specific method's usability. There is no clear indication that this patch is addressing a security vulnerability. Instead, it appears to be a refactoring effort to make the method more user-friendly and efficient."",
 ""vulnerability_fix"": ""no""
}"
250,CVE-2022-33140,"File: nifi-registry/nifi-registry-core/nifi-registry-framework/src/main/java/org/apache/nifi/registry/security/authorization/shell/ShellUserGroupProvider.java, Class: ShellUserGroupProvider, Method: onConfigured, Signature: void onConfigured(AuthorizerConfigurationContext)","{
 ""analysis"": ""The current patch in the `ShellUserGroupProvider` class's `onConfigured` method appears to involve changes focused on configuration handling and potentially security context enhancements, similar to the historical vulnerability fix CVE-2022-33140. Both the current patch and the historical fix seem to target the same method and class, which suggests they are dealing with similar components of the NiFi authorization framework. However, the current patch does not explicitly mention a security issue or vulnerability. Instead, it emphasizes enhancements in configuration management and possible security practices. Given the nature of the changes and their similarity to the historical fix, it is plausible that the current patch is addressing a security concern or improving upon a previously identified vulnerability. To confirm this, we need to examine the actual code changes and understand the context of the reported issue CVE-2022-33140."",
 ""vulnerability_fix"": ""likely""
}"
757,CVE-2023-28465,"File: org.hl7.fhir.r4b/src/main/java/org/hl7/fhir/r4b/renderers/QuestionnaireRenderer.java, Class: QuestionnaireRenderer, Method: renderRootDefinition, Signature: boolean renderRootDefinition(XhtmlNode,Questionnaire,List)","```json
{
 ""analysis"": ""The current patch and the historical vulnerability fix share several similarities in terms of their intent and scope. Both involve refactoring and updating the `renderRootDefinition` method to improve the handling and rendering of questionnaire root definitions. They both aim to enhance the functionality, maintainability, and performance of the method. However, the current patch does not explicitly mention any security-related improvements or fixes that directly address known vulnerabilities. Instead, it focuses on enhancing usability, fixing potential bugs, and supporting new features. Given the information provided, there is no explicit indication that the current patch is addressing a previously identified vulnerability like CVE-2023-28465. Therefore, while the patch improves the overall system, it is not necessarily targeting a known vulnerability."",
 ""vulnerability_fix"": ""no""
}
```"
404,CVE-2019-17573,"File: rt/transports/http/src/main/java/org/apache/cxf/transport/servlet/servicelist/UnformattedServiceListWriter.java, Class: UnformattedServiceListWriter, Method: writeUnformattedRESTfulEndpoints, Signature: void writeUnformattedRESTfulEndpoints(PrintWriter,String,AbstractDestination)","```json
{
 ""analysis"": ""The current patch modifies the method `writeUnformattedRESTfulEndpoints` in the class `UnformattedServiceListWriter`. This method is responsible for writing unformatted RESTful endpoints, which is similar to the historical vulnerability fix where the `writeRESTfulEndpoints` method was modified. Both patches aim to improve or fix the way RESTful endpoints are handled or displayed. However, the current patch specifically mentions 'unformatted' endpoints, indicating a focus on raw or less processed data compared to potentially formatted output in the historical fix. 

The purpose of the current patch includes enhanced functionality and possibly performance improvements, suggesting it is designed to provide more accurate or detailed information about RESTful endpoints. The implications of the change highlight the need for thorough testing and documentation updates, which are common practices when addressing potential issues or vulnerabilities. 

While the historical vulnerability fix (CVE-2016-6812) directly addresses a bug or issue related to endpoint formatting, the current patch does not explicitly mention fixing a known vulnerability. Instead, it focuses on enhancing the method's functionality and performance. However, the changes in handling and displaying endpoints could indirectly mitigate some forms of vulnerabilities, such as those related to incorrect or incomplete endpoint listings.

Given the context and the nature of the changes, it is plausible that the current patch is part of a broader effort to secure and improve the system, even though it is not explicitly labeled as a vulnerability fix."",
 ""vulnerability_fix"": ""no""
}
```"
582,CVE-2022-46166,"File: spring-boot-admin-server/src/main/java/de/codecentric/boot/admin/server/notify/LetsChatNotifier.java, Class: LetsChatNotifier, Method: getText, Signature: String getText(InstanceEvent,Instance)","{
 ""analysis"": ""The current patch and the historical vulnerability fix both involve modifications to methods responsible for constructing notification texts. In both cases, the updates seem aimed at enhancing the detail and quality of the notifications. However, the current patch does not explicitly mention any security-related changes or fixes, which are typically highlighted in vulnerability patches. Instead, it focuses on potentially improving the content generation logic and handling of parameters. While the enhancements could indirectly contribute to system stability or user experience, there is no clear indication that this patch addresses a known vulnerability. The historical vulnerability fix (CVE-2022-46166) provides more context about specific security concerns, such as potential information leakage or improper handling of data, which are not mentioned in the current patch description."",
 ""vulnerability_fix"": ""no""
}"
823,CVE-2020-2261,"File: src/main/java/io/plugins/perfecto/credentials/PerfectoCredentials.java, Class: DescriptorImpl, Method: doAuthenticate, Signature: FormValidation doAuthenticate(String,String,String)","```json
{
 ""analysis"": ""The current patch modifies the `doAuthenticate` method in the `DescriptorImpl` class to accept three string parameters (username, password, and possibly another identifier). The purpose of this change seems to involve enhancing or modifying the authentication process, which could include improvements to security measures, addition of support for new authentication protocols, or bug fixes in the current implementation. On the other hand, the historical vulnerability fix (CVE-2020-2261) focused on securely retrieving passwords by returning a `Secret` from the `getPassword()` method in the `PerfectoCredentials` class. This was done to handle passwords more securely and reduce the risk of exposing sensitive data. While both changes aim to improve security, the current patch is more focused on altering the authentication process rather than specifically securing the handling of passwords."",
 ""vulnerability_fix"": ""no""
}
```"
1084,CVE-2020-26217,"File: xstream/src/java/com/thoughtworks/xstream/converters/extended/FileConverter.java, Class: FileConverter, Method: canConvert, Signature: boolean canConvert(final Class<?> type)","{
 ""analysis"": ""The current patch focuses on enhancing the specificity of the `canConvert` method, improving maintainability through better documentation, and optimizing performance by using a direct instanceof check. These changes aim to ensure that the method behaves more accurately and efficiently. In contrast, the historical vulnerability fix (CVE-2013-7285) involved refactoring the `fromString` method to enhance readability, adding error handling, and optimizing performance, particularly for large inputs. The historical fix specifically mentions enhancing robustness and maintaining backward compatibility, which are not explicitly highlighted in the current patch's analysis."",
 ""vulnerability_fix"": ""no""
}

The current patch does not appear to be addressing a known vulnerability but rather improving the internal implementation and maintainability of the `canConvert` method. The historical fix, CVE-2013-7285, explicitly mentions addressing robustness and error handling, which are critical aspects of vulnerability mitigation. The current patch does not mention these aspects directly, thus suggesting it is not primarily focused on fixing a known vulnerability."
891,CVE-2018-10894,"File: testsuite/integration-arquillian/tests/base/src/main/java/org/keycloak/testsuite/updaters/RealmAttributeUpdater.java, Class: RealmAttributeUpdater, Method: removeAttribute, Signature: RealmAttributeUpdater removeAttribute(String)","```json
{
 ""analysis"": ""The current patch modifies the `removeAttribute` method within the `RealmAttributeUpdater` class to implement functionality that removes a specific attribute from a realm configuration. This method enhances the manageability of realm attributes by providing a clear way to remove them programmatically. On the other hand, the historical vulnerability fix (CVE-2018-10894) involved changes to the `ClientAttributeUpdater` method within the `ClientAttributeUpdater` class, likely improving the management or updating of client attributes in a Keycloak environment. While both patches aim to enhance the manageability of attributes in Keycloak, the current patch does not directly address any known vulnerabilities based on the provided information. The current patch appears to be a functional enhancement rather than a security fix."",
 ""vulnerability_fix"": ""no""
}
```"
872,CVE-2014-125087,"File: src/main/java/com/jamesmurty/utils/BaseXMLBuilder.java, Class: BaseXMLBuilder, Method: equals, Signature: boolean equals(Object)","{
 ""analysis"": ""The current patch modifies the `equals` method in the `BaseXMLBuilder` class to improve the accuracy of object equality checks. The purpose of this change is to ensure that all relevant fields are considered in the comparison, which enhances the reliability of the `BaseXMLBuilder` class in scenarios where object equality is critical. While the historical vulnerability fix (CVE-2014-125087) involves modifications to the `getElement` method, both changes aim to enhance the functionality and reliability of the `BaseXMLBuilder` class. However, the current patch does not explicitly introduce security fixes or address known vulnerabilities. Instead, it focuses on improving the correctness of object comparisons. Therefore, while the changes contribute to better overall code quality and robustness, they do not appear to be directly addressing a known vulnerability."",
 ""vulnerability_fix"": ""no""
}"
316,CVE-2018-11762,"File: tika-app/src/main/java/org/apache/tika/cli/TikaCLI.java, Class: TikaServer, Method: processSocketInBackground, Signature: void processSocketInBackground(Socket)","```json
{
 ""analysis"": ""The current patch modifies the `processSocketInBackground` method within the `TikaServer` class, which is responsible for handling network connections asynchronously. Based on the three aspects analyzed, the purpose of this patch seems to be related to optimizing or fixing issues associated with handling multiple client connections simultaneously. The implications of this change suggest better resource management, especially in high-load environments. In contrast, the historical vulnerability fix (CVE-2018-11762) involved changes to the `process` method in the `TikaCLI` class, aimed at enhancing input handling through the CLI interface. While both patches involve method modifications, they target different components and functionalities within the application. The current patch does not directly address an input handling issue or a CLI interaction problem, which were key aspects of the historical vulnerability fix."",
 ""vulnerability_fix"": ""no""
}
```"
962,CVE-2020-13973,"File: src/main/java/com/google/json/JsonSanitizer.java, Class: JsonSanitizer, Method: sanitizeString, Signature: void sanitizeString(int,int)","```json
{
 ""analysis"": ""The current patch modifies the `sanitizeString` method within the `JsonSanitizer` class, introducing two integer parameters. This change likely aims to enhance the sanitization process by providing more specific control over the sanitization operation. The implications of this change include potential impacts on how strings are sanitized and the need for developers to update their calls to include the new parameters. On the other hand, the historical vulnerability fix (CVE-2020-13973) modifies the `testSanitize` method within the `JsonSanitizerTest` class, focusing on updating or enhancing the test cases to ensure the JSON sanitizer works as expected. While both changes involve the JSON sanitizer, the current patch appears to modify the core sanitization logic, whereas the historical fix focuses on the testing suite. Based on the available information, there is no direct indication that the current patch is specifically addressing a known vulnerability."",
 ""vulnerability_fix"": ""no""
}
```"
972,CVE-2022-37422,"File: appserver/web/web-core/src/main/java/org/apache/catalina/connector/CoyoteAdapter.java, Class: CoyoteAdapter, Method: normalizeChars, Signature: boolean normalizeChars(MessageBytes)","{
 ""analysis"": ""The current patch and the historical vulnerability fix both involve modifications to methods responsible for character normalization in the `CoyoteAdapter` class. Both analyses indicate changes aimed at improving the robustness, performance, and maintainability of the normalization process. However, the current patch focuses on the `normalizeChars` method, while the historical fix pertains to a `normalize` method. 

The current patch's analysis suggests enhancements related to character encoding fixes, enhanced security, and compliance with standards, which could imply a focus on addressing potential vulnerabilities. The historical fix explicitly mentions enhancing robustness against malformed inputs and improving performance, directly addressing known vulnerabilities such as CVE-2022-37422.

Given the nature of the changes described and the similarity in intent (i.e., improving robustness and handling input validation), it is reasonable to infer that the current patch could also be aimed at fixing a vulnerability. However, without specific details about the actual code changes, this remains an educated guess based on common practices in vulnerability mitigation."",
 ""vulnerability_fix"": ""yes""
}"
609,CVE-2017-1000487,"File: src/main/java/org/codehaus/plexus/util/cli/Commandline.java, Class: Commandline, Method: Commandline, Signature: Commandline(String,Shell)","```json
{
  ""analysis"": ""The current patch introduces a new constructor for the `Commandline` class, which allows for more flexible initialization of `Commandline` objects by providing command line arguments and shell configurations during object creation. This change aims to increase functionality and potentially improve performance by reducing the need for subsequent method calls to set these properties. In contrast, the historical vulnerability fix (CVE-2017-1000487) appears to focus on enhancing the flexibility, error handling, and support for new features in the construction of shell commands. While both changes aim to improve the functionality and robustness of the `Commandline` class, the current patch does not directly address known vulnerabilities but rather adds new capabilities. Therefore, the current patch does not appear to be specifically designed to fix a vulnerability."",
  ""vulnerability_fix"": ""no""
}
```"
91,CVE-2021-30180,"File: dubbo-common/src/main/java/org/apache/dubbo/common/utils/PojoUtils.java, Class: PojoUtils, Method: realize, Signature: Object realize(Object,Class)","```json
{
 ""analysis"": ""The current patch appears to focus on enhancing the type safety and robustness of the `realize` method in the `PojoUtils` class. It includes improvements such as adding null checks and updating documentation. These changes aim to reduce the likelihood of runtime errors and improve code maintainability. However, the patch does not explicitly mention addressing a known vulnerability or fixing a specific bug related to security issues. Instead, it seems to be a general enhancement to make the method more resilient to edge cases like null inputs. In contrast, the historical vulnerability fix (CVE-2021-30180) appears to target a specific issue within the `testRealizeCollectionWithNullElement` method, focusing on robustness and handling null elements correctly. While both patches aim to improve the reliability and robustness of the codebase, the current patch does not directly address a known vulnerability."",
 ""vulnerability_fix"": ""no""
}
```"
337,CVE-2022-32287,"File: uimaj-core/src/main/java/org/apache/uima/pear/util/FileUtil.java, Class: FileUtil, Method: localPathToFileUrl, Signature: String localPathToFileUrl(String)","{
 ""analysis"": ""The current patch for the `localPathToFileUrl` method in the `FileUtil` class appears to be focused on improving the functionality and robustness of URL conversion from local file paths. It aims to handle different file path formats, enhance compatibility across operating systems, and ensure robustness against edge cases and invalid inputs. This aligns with the purpose of the historical vulnerability fix for `computeRelativePath`, which aimed to improve the accuracy and consistency of relative path computations and address edge cases leading to incorrect paths. However, the current patch does not explicitly mention addressing a specific vulnerability. Instead, it focuses on functional improvements and robustness enhancements."",
 ""vulnerability_fix"": ""no""
}"
626,CVE-2017-1000487,"File: src/test/java/org/codehaus/plexus/util/cli/shell/BourneShellTest.java, Class: BourneShellTest, Method: testQuoteWorkingDirectoryAndExecutable_WDPathWithSingleQuotes, Signature: void testQuoteWorkingDirectoryAndExecutable_WDPathWithSingleQuotes()","{
 ""analysis"": ""The current patch modifies the method `testQuoteWorkingDirectoryAndExecutable_WDPathWithSingleQuotes` to handle paths with single quotes in the working directory context. This modification is similar to the historical vulnerability fix (CVE-2017-1000487), which involved handling paths with both single quotes and backslashes. Both patches aim to improve the robustness of path handling in the BourneShellTest class, ensuring that special characters in file paths are correctly managed. However, the current patch focuses specifically on single quotes, whereas the historical fix also addressed backslashes. This suggests that the current patch could be addressing a related but distinct issue from the historical vulnerability fix. The implications of this change are that it ensures more reliable execution of shell commands with special characters in paths, potentially mitigating issues encountered in the past. Given these points, the current patch seems to be aimed at improving robustness rather than directly fixing a known vulnerability."",
 ""vulnerability_fix"": ""no""
}"
299,CVE-2016-6798,"File: src/main/java/org/apache/sling/xss/impl/XSSAPIImpl.java, Class: XSSAPIImpl, Method: getValidDimension, Signature: String getValidDimension(String,String)","```json
{
 ""analysis"": ""The current patch and the historical vulnerability fix share several similarities in terms of their intent and approach. Both analyses indicate that the changes are focused on enhancing the security and robustness of the `getValidDimension` method in the `XSSAPIImpl` class. Specifically, both patches involve refactoring input validation logic, enhancing security measures, and potentially adding or improving documentation. 

In the current patch, the primary focus seems to be on refactoring input validation to ensure that strings passed as parameters are safe and meet certain criteria. This aligns closely with the historical fix, which involved updating validation logic and improving input sanitization to prevent potential XSS attacks. The historical fix specifically mentions CVE-2016-5394, indicating that it addressed a known vulnerability. 

Given these similarities, it is reasonable to infer that the current patch is also addressing a security concern, likely to prevent similar vulnerabilities. However, without explicit details about the nature of the issue being fixed in the current patch, we cannot definitively state that it is fixing a vulnerability. The changes appear to be security-focused, but further investigation would be necessary to confirm if a specific vulnerability is being addressed."",
 ""vulnerability_fix"": ""likely""
}
```"
486,CVE-2022-31159,"File: aws-java-sdk-codeartifact/src/main/java/com/amazonaws/services/codeartifact/model/PackageVersionSummary.java, Class: PackageVersionSummary, Method: setVersion, Signature: void setVersion(String)","```json
{
  ""analysis"": ""The current patch modifies the `setVersion` method within the `PackageVersionSummary` class. The purpose of this change is likely to update the implementation logic of setting the version string, which could be for bug fixing, adding new functionality, or improving performance. Similar to the historical vulnerability fix CVE-2022-31159, which involved modifying the `setFormat` method within the `PackageVersionDescription` class, both patches aim to update the logic related to managing version-related data within the AWS CodeArtifact service. However, the current patch does not explicitly mention a security vulnerability being addressed. Instead, it focuses more on updating the handling of version strings. Therefore, while the changes share some structural similarities, there is insufficient evidence to conclude that the current patch is specifically addressing a security vulnerability."",
  ""vulnerability_fix"": ""no""
}
```"
1060,CVE-2019-17640,"File: vertx-web/src/test/java/io/vertx/ext/web/handler/StaticHandlerTest.java, Class: StaticHandlerTest, Method: testGetDefaultIndex, Signature: void testGetDefaultIndex()","```json
{
  ""analysis"": ""The current patch modifies the `testGetDefaultIndex` method within the `StaticHandlerTest` class to update or enhance the test case for handling default index files in the Vert.x web handler. This is aimed at ensuring that the static handler correctly serves default index files when no specific file is requested. The purpose of this change is to improve the reliability and correctness of the static file handling feature in Vert.x applications. The implications of this change could lead to better documentation or user expectations and might impact future maintenance and enhancements related to static file handling in the Vert.x framework. In contrast, the historical vulnerability fix (CVE-2018-12542) addresses a bug or issue related to the `handle` method in the `StaticHandlerImpl` class, which was likely aimed at improving the robustness and addressing feedback or reported issues from users or automated testing. While both patches involve static file handling, the current patch focuses on enhancing tests rather than fixing an identified security vulnerability."",
  ""vulnerability_fix"": ""no""
}
```"
94,CVE-2021-30180,"File: dubbo-common/src/test/java/org/apache/dubbo/common/utils/PojoUtilsTest.java, Class: TestData, Method: setList, Signature: void setList(List)","{
 ""analysis"": ""The current patch modifies the `setList` method within the `TestData` class, which accepts a `List` as its parameter. The purpose of this change is likely to enhance or fix the functionality related to setting a list in the `TestData` class, potentially improving or validating the behavior of `PojoUtils` when handling lists. On the other hand, the historical vulnerability fix (CVE-2021-30180) involved modifying the `hashCode` method in the `BasicTestData` class to ensure consistent and correct hash codes for objects used in tests. While both patches aim to improve the reliability and functionality of the codebase, they address different aspects of the system. The current patch does not explicitly indicate that it is fixing a security vulnerability. Instead, it seems to be focused on enhancing the functionality of list handling within the `TestData` class. Therefore, based on the provided information, there is no clear indication that the current patch is intended to fix a vulnerability."",
 ""vulnerability_fix"": ""no""
}"
1106,CVE-2023-32070,"File: xwiki-rendering-syntaxes/xwiki-rendering-syntax-annotatedhtml5/src/main/java/org/xwiki/rendering/internal/renderer/html5/AnnotatedHTML5Renderer.java, Class: AnnotatedHTML5Renderer, Method: initialize, Signature: void initialize()","{
 ""analysis"": ""The current patch and the historical vulnerability fix both involve the initialization of rendering components within the XWiki system. The historical vulnerability fix (CVE-2023-32070) suggests that there were changes made to ensure proper setup and configuration of the renderer, which likely included error handling and dependency management. However, the current patch does not provide specific details about the changes made, making it difficult to definitively determine if it addresses a vulnerability. Based on the context and the nature of the `initialize` method, it appears that the current patch might be enhancing or fixing some aspect of the renderer's initialization process. Without concrete code changes, it is speculative to conclude if this patch is directly addressing a known vulnerability. The patch could be part of ongoing efforts to improve the rendering capabilities or fix an issue that has been identified but not explicitly documented."",
 ""vulnerability_fix"": ""no""
}"
315,CVE-2018-11762,"File: tika-app/src/main/java/org/apache/tika/cli/TikaCLI.java, Class: NoDocumentMetHandler, Method: endDocument, Signature: void endDocument()","{
 ""analysis"": ""The current patch, as described, does not provide specific details about the code changes made to the `endDocument()` method within the `NoDocumentMetHandler` class. This lack of detail makes it challenging to determine if the patch is intended to fix a vulnerability. However, based on the context and the similar historical vulnerability fix (CVE-2018-11762), there are some points to consider. The historical fix involved changes to metadata handling and output control, which are common areas for introducing or fixing vulnerabilities. The current patch might be addressing similar concerns, but without explicit details, it's hard to draw a definitive conclusion. If the changes are aimed at improving metadata handling or output control, they could be related to fixing a vulnerability. However, the absence of specific code changes or comments in the patch description makes it difficult to assert this conclusively."",
 ""vulnerability_fix"": ""unclear""
}"
282,CVE-2023-46749,"File: web/src/main/java/org/apache/shiro/web/filter/InvalidRequestFilter.java, Class: InvalidRequestFilter, Method: isAccessAllowed, Signature: boolean isAccessAllowed(ServletRequest,ServletResponse,Object)","```json
{
  ""analysis"": ""The current patch introduces changes to the `isAccessAllowed` method in the `InvalidRequestFilter` class. The primary focus of these changes is to enhance security by adding validation for CSRF tokens and improving parameter validation and logging. These modifications aim to prevent unauthorized access attempts and provide better traceability and handling of invalid requests. The purpose of these changes aligns with enhancing security measures, which is consistent with the nature of the historical vulnerability fix mentioned (CVE-2018-1047), where adjustments were made to handle new response codes and improve test coverage. However, the current patch specifically targets runtime security enhancements rather than test coverage improvements. Therefore, while both patches aim at improving the overall robustness and security of the system, the current patch directly addresses a specific runtime security concern (CSRF protection) rather than a testing issue."",
  ""vulnerability_fix"": ""yes""
}
```"
289,CVE-2016-5394,"File: src/main/java/org/apache/sling/xss/impl/XSSAPIImpl.java, Class: XSSAPIImpl, Method: activate, Signature: nan","```json
{
 ""analysis"": ""The current patch modifies the method `activate` within the class `XSSAPIImpl`. Based on the hypothetical analysis provided, the changes appear to focus on enhancing security measures, possibly by adding validation logic or updating configuration handling to better protect against XSS attacks. This aligns with the purpose of the historical vulnerability fix CVE-2016-5394, which seems to have involved enhancing test coverage and addressing bugs related to HTML filtering. While the current patch does not explicitly mention a vulnerability fix, the added validation logic and improved configuration handling suggest a similar intent. However, without explicit details of the changes, it's challenging to definitively conclude whether it fixes a vulnerability."",
 ""vulnerability_fix"": ""likely""
}
```"
113,CVE-2022-46907,"File: jspwiki-main/src/main/java/org/apache/wiki/plugin/Search.java, Class: Search, Method: execute, Signature: String execute(Context,Map)","```json
{
  ""analysis"": ""The current patch and the historical vulnerability fix share some similarities but also have notable differences. Both involve changes to the `execute` method, which suggests they aim to improve the method's robustness and functionality. The current patch focuses on refactoring the execution logic for better readability and maintainability, adding parameter validation to prevent runtime exceptions, and updating documentation. On the other hand, the historical vulnerability fix (CVE-2018-10894) appears to modify the method signature to include additional parameters, likely to enhance functionality and error handling. While the current patch does include parameter validation, it does not explicitly mention addressing a known vulnerability. Therefore, while the current patch improves the method's reliability and usability, it does not appear to be directly aimed at fixing a specific vulnerability identified in CVE-2018-10894."",
  ""vulnerability_fix"": ""no""
}
```"
706,CVE-2022-24891,"File: src/main/java/org/owasp/esapi/reference/DefaultValidator.java, Class: DefaultValidator, Method: getValidDate, Signature: Date getValidDate(String,String,DateFormat,boolean)","```json
{
  ""analysis"": ""The current patch appears to be focused on enhancing the security and robustness of the `getValidDate` method within the `DefaultValidator` class. It includes refactoring the input validation logic, adding logging for better auditing, and improving exception handling to provide more informative error messages. These changes align with the historical vulnerability fix (CVE-2022-24891) which also aimed to improve the robustness of date validation through additional validation logic, modified input parameters, and logging statements. Both the current patch and the historical fix share the common goal of preventing potential date manipulation attacks and enhancing the overall security and reliability of the method. However, without specific details about the exact nature of the historical vulnerability, it's challenging to definitively state that the current patch is directly addressing the same issue."",
  ""vulnerability_fix"": ""yes""
}
```"
835,CVE-2022-25174,"File: src/main/java/org/jenkinsci/plugins/workflow/libs/LibraryAdder.java, Class: LibraryAdder, Method: parse, Signature: String parse(String)","{
 ""analysis"": ""The current patch appears to be an enhancement aimed at improving the robustness and reliability of library version parsing within the `LibraryAdder` class. Specifically, the `parse` method has been updated to handle new library versions, added validation checks for input strings, and enhanced logging for better traceability. While these changes contribute to making the code more reliable and maintainable, they do not directly address a known vulnerability as described in the historical vulnerability fix (CVE-2022-25174). The historical vulnerability fix lacks specific details about the changes and their intent, making a direct comparison difficult. However, the current patch does not exhibit similar patterns or fixes related to security vulnerabilities."",
 ""vulnerability_fix"": ""no""
}"
966,CVE-2021-23899,"File: src/test/java/com/google/json/FuzzyTest.java, Class: FuzzyStringGenerator, Method: makeRandomJson, Signature: String makeRandomJson()","```json
{
  ""analysis"": ""The current patch introduces a method named `makeRandomJson` in the class `FuzzyStringGenerator`. This method is designed to generate random JSON strings, which is intended for use in testing scenarios, particularly fuzz testing. The primary purpose appears to be enhancing the testing suite by providing varied inputs to test the robustness of the system against different JSON structures. 

In contrast, the historical vulnerability fix (CVE-2021-23899) introduced a method named `iterator()` to enable iterative access to the objects or data generated by `FuzzyStringGenerator`. This method was aimed at improving the usability and consistency of the class with Java conventions, potentially affecting backward compatibility and requiring updates to documentation and tests.

The current patch does not seem to address any known vulnerabilities directly but rather focuses on enhancing the testing capabilities. There is no indication that it fixes a specific security flaw or bug. Instead, it aims to improve the quality of the testing framework by generating random JSON strings, which could indirectly contribute to identifying potential vulnerabilities through extensive testing."",
  ""vulnerability_fix"": ""no""
}
```"
535,CVE-2022-31159,"File: aws-java-sdk-glue/src/main/java/com/amazonaws/services/glue/model/Session.java, Class: Session, Method: setGlueVersion, Signature: void setGlueVersion(String)","{
 ""analysis"": ""The current patch introduces a new method `setGlueVersion` in the `Session` class with the signature `void setGlueVersion(String)`. This method allows users to specify the version of AWS Glue they want to use in their session. The primary purpose of this change is to enhance flexibility by enabling users to configure sessions with specific Glue versions. 

In comparison, the historical vulnerability fix (CVE-2022-31159) involves adding a `getGlueVersion` method to retrieve the Glue version for a session. This method is designed to provide users with an easy way to access Glue version information, enhancing API consistency and user convenience.

The key difference between the two changes is that the current patch adds a setter method for specifying the Glue version, while the historical fix added a getter method for retrieving the Glue version. The current patch does not appear to address any security issues or vulnerabilities; instead, it focuses on providing users with more control over the Glue version used in their sessions. Therefore, the current patch is not aimed at fixing a known vulnerability."",
 ""vulnerability_fix"": ""no""
}"
529,CVE-2022-31159,"File: aws-java-sdk-glue/src/main/java/com/amazonaws/services/glue/model/JobUpdate.java, Class: JobUpdate, Method: withSecurityConfiguration, Signature: JobUpdate withSecurityConfiguration(String)","```json
{
  ""analysis"": ""The current patch introduces a new method `withSecurityConfiguration` to the `JobUpdate` class in the AWS SDK for Java. The purpose of this method is to enhance the flexibility in configuring job security by allowing users to specify security settings directly when updating a Glue job. Similar to the historical vulnerability fix (CVE-2022-31159), the `withSecurityConfiguration` method also allows users to specify a security configuration for their Glue jobs but is applied to a different class (`JobUpdate` instead of `JobRun`). The implications of this change are improvements in manageability and ease of updating security configurations, which could potentially lead to better security practices and increased adoption of enhanced security features within AWS Glue jobs. However, there is no direct evidence provided to suggest that this patch is specifically addressing a vulnerability. Instead, it appears to be an enhancement aimed at improving user experience and security configuration flexibility."",
  ""vulnerability_fix"": ""no""
}
```"
267,CVE-2023-33246,"File: controller/src/main/java/org/apache/rocketmq/controller/processor/ControllerRequestProcessor.java, Class: ControllerRequestProcessor, Method: handleGetControllerConfig, Signature: RemotingCommand handleGetControllerConfig(ChannelHandlerContext,RemotingCommand)","```json
{
 ""analysis"": ""The current patch for the `handleGetControllerConfig` method focuses on refactoring the method logic, adding validation checks, and enhancing exception handling. These changes aim to improve the security, user experience, and maintainability of the method. While these enhancements contribute to making the system more robust, they do not directly address a known vulnerability as described in CVE-2023-33246. The historical vulnerability fix for `handleUpdateControllerConfig` similarly included refactoring and validation checks but was specifically aimed at addressing an issue related to configuration updates. The current patch does not indicate any specific vulnerability being fixed; rather, it appears to be a general improvement."",
 ""vulnerability_fix"": ""no""
}
```"
384,CVE-2016-8739,"File: rt/rs/extensions/providers/src/main/java/org/apache/cxf/jaxrs/provider/atom/AbstractAtomProvider.java, Class: AbstractAtomProvider, Method: setFormattedOutput, Signature: void setFormattedOutput(boolean)","{
 ""analysis"": ""The current patch introduces a method `setFormattedOutput` in the class `AbstractAtomProvider` to enable or disable formatted output for Atom entries. The purpose of this method is to allow clients to control the readability and compactness of the XML output generated by the provider. On the other hand, the historical vulnerability fix (CVE-2016-8739) addresses changes made to the `readFrom` method, potentially enhancing its functionality, robustness, and compliance with standards while also addressing bugs. The current patch does not seem to directly address any security vulnerabilities or bugs; instead, it provides a configuration option for output formatting. Therefore, the primary goal of the current patch appears to be enhancing configurability rather than fixing a vulnerability."",
 ""vulnerability_fix"": ""no""
}"
1087,CVE-2021-21345,"File: xstream/src/java/com/thoughtworks/xstream/XStream.java, Class: XStream, Method: setupMappers, Signature: void setupMappers()","```json
{
  ""analysis"": ""The current patch and the historical vulnerability fix both involve changes to the `setupMappers` method within the `XStream` class, which is responsible for configuring mappers used in object serialization. The current patch focuses on updating mapper configurations to support new data types, fixing bugs related to complex object mapping, and enhancing documentation. These changes aim to improve the flexibility and robustness of object serialization, ensuring compatibility with recent updates and addressing user-reported issues. On the other hand, the historical vulnerability fix (CVE-2013-7285) involved refactoring the `buildMapper()` method for better performance, adding a new parameter for additional configuration options, and updating comments to reflect recent changes. This fix aimed to enhance the flexibility of the mapper building process, improve performance, and maintain backward compatibility."",
  ""vulnerability_fix"": ""No""
}
```

In this case, while both patches involve significant changes to the mapper configuration methods, the current patch appears to be focused on improving functionality and addressing user-reported issues rather than directly fixing a known vulnerability. Therefore, it is not clear from the provided information that the current patch is specifically intended to fix a vulnerability."
814,CVE-2019-10392,"File: src/main/java/org/jenkinsci/plugins/gitclient/CliGitAPIImpl.java, Class: CliGitAPIImpl, Method: getRemoteReferences, Signature: Map getRemoteReferences(String,String,boolean,boolean)","```json
{
  ""analysis"": ""The current patch and the historical vulnerability fix both focus on improving the robustness, performance, and maintainability of the `getRemoteReferences` method within the `CliGitAPIImpl` class. The current patch aims to refactor the method's logic for better readability and maintainability, add exception handling to manage network operations more gracefully, and optimize network calls to improve performance. These changes align closely with the historical vulnerability fix, which involved refactoring and enhancing the method's functionality and usability while addressing potential bugs. However, without explicit information indicating that the current patch addresses a known vulnerability, it cannot be conclusively determined that this patch is fixing a specific vulnerability. Instead, it appears to be part of ongoing efforts to improve the method's reliability and efficiency."",
  ""vulnerability_fix"": ""no""
}
```"
150,CVE-2023-35887,"File: sshd-sftp/src/main/java/org/apache/sshd/sftp/server/AbstractSftpSubsystemHelper.java, Class: AbstractSftpSubsystemHelper, Method: doFStat, Signature: void doFStat(Buffer,int)","```json
{
  ""analysis"": ""The current patch modifies the `doFStat` method in the `AbstractSftpSubsystemHelper` class, which is similar to the historical vulnerability fix that also modified the `doFStat` method in the `SftpSubsystem` class. Both changes involve adjustments to the method signature and potentially internal logic. However, the current patch does not explicitly mention a vulnerability fix. Instead, it focuses on refactoring, parameter modification, and internal logic adjustment. The historical vulnerability fix specifically mentions CVE-2023-35887, indicating a known vulnerability. Given this information, the current patch seems more focused on refactoring and performance improvement rather than directly addressing a known vulnerability."",
  ""vulnerability_fix"": ""no""
}
```"
466,CVE-2022-31159,"File: aws-java-sdk-codeartifact/src/main/java/com/amazonaws/services/codeartifact/model/ListPackageVersionsRequest.java, Class: ListPackageVersionsRequest, Method: getSortBy, Signature: String getSortBy()","{
 ""analysis"": ""The current patch does not explicitly mention any specific code changes, focusing instead on the method signature of `getSortBy`. Given this lack of detail, it's challenging to determine if this patch is addressing a vulnerability. The historical vulnerability fix (CVE-2022-31159) introduced a new method `withSortBy` to enhance the flexibility of sorting package versions, which suggests an improvement in functionality rather than a direct security fix. In contrast, the current patch does not indicate any new method or functional enhancement, making it less likely to be a vulnerability fix. However, without further context on what the patch actually modifies, it remains unclear if there is an underlying security concern being addressed."",
 ""vulnerability_fix"": ""no""
}"
1011,CVE-2018-1000129,"File: agent/jvm/src/main/java/org/jolokia/jvmagent/handler/JolokiaHttpHandler.java, Class: JolokiaHttpHandler, Method: doHandle, Signature: void doHandle(HttpExchange)","{
 ""analysis"": ""The current patch and the historical vulnerability fix both aim to improve the reliability and robustness of the `JolokiaHttpHandler` class. The current patch focuses on adding logging and potentially handling new HTTP methods, which can indirectly help in identifying issues by increasing visibility and adaptability. On the other hand, the historical vulnerability fix involves updating test cases and potentially fixing bugs related to the callback functionality, which directly addresses specific issues. While the current patch does not explicitly mention addressing a known vulnerability, adding comprehensive logging and handling new HTTP methods can mitigate certain risks and improve overall system stability. However, without explicit evidence of addressing a specific vulnerability, it's not definitive that this patch is intended to fix a vulnerability."",
 ""vulnerability_fix"": ""no""
}"
862,CVE-2018-12036,"File: core/src/main/java/org/owasp/dependencycheck/utils/ExtractionUtil.java, Class: ExtractionUtil, Method: extractArchive, Signature: void extractArchive(ArchiveInputStream,File,FilenameFilter)","{
 ""analysis"": ""The current patch and the historical vulnerability fix (CVE-2018-12036) share some similarities in terms of method signature updates and potential improvements in functionality and maintainability. However, the current patch does not specify any concrete changes, making it difficult to definitively determine if it is addressing a specific vulnerability. The historical fix included the addition of new parameters (`ArchiveInputStream`, `File`, and `Engine`) to enhance functionality and flexibility, whereas the current patch only mentions potential hypothetical changes such as updated method signatures, improved exception handling, and optimized logic. Given the lack of specific details, we cannot conclusively state that the current patch is fixing a known vulnerability. Instead, it appears to be an improvement or refactoring effort."",
 ""vulnerability_fix"": ""no""
}"
671,CVE-2022-24891,"File: src/main/java/org/owasp/esapi/reference/DefaultValidator.java, Class: DefaultValidator, Method: isValidDouble, Signature: boolean isValidDouble(String,String,double,double,boolean,ValidationErrorList)","{
 ""analysis"": ""The current patch modifies the `isValidDouble` method within the `DefaultValidator` class by adding new parameters to the method signature. This modification suggests an enhancement in the validation process for double values, potentially making it more robust or context-specific. The addition of a `ValidationErrorList` parameter indicates improved error handling and reporting. These changes aim to offer more comprehensive validation options, which can enhance the security or accuracy of applications using this method. However, there is no explicit indication that this patch is addressing a known vulnerability similar to CVE-2022-24891, which was related to the `isValidInteger` method. Instead, the patch seems to be focused on enhancing functionality and error handling. Therefore, while the changes might indirectly contribute to overall security improvements, they do not appear to be directly fixing a specific vulnerability."",
 ""vulnerability_fix"": ""no""
}"
351,CVE-2022-42889,"File: src/main/java/org/apache/commons/text/lookup/InterpolatorStringLookup.java, Class: InterpolatorStringLookup, Method: toKey, Signature: String toKey(String)","```json
{
  ""analysis"": ""The current patch modifies the `toKey` method within the `InterpolatorStringLookup` class. Based on the provided information, it appears that the purpose of the change is to update the logic or behavior of the `toKey` method. However, there is no explicit mention of addressing a security vulnerability. The historical vulnerability fix mentioned (CVE-2022-42889) involves changes to the `lookup` method, which is different from the `toKey` method. While both methods are part of the same class and are involved in string interpolation, the current patch does not show any clear indication of being a vulnerability fix. Instead, it seems to be focused on modifying key generation or processing logic."",
  ""vulnerability_fix"": ""no""
}
```"
762,CVE-2023-28465,"File: org.hl7.fhir.r4b/src/main/java/org/hl7/fhir/r4b/test/utils/ToolsHelper.java, Class: ToolsHelper, Method: testRoundTrip, Signature: void testRoundTrip(String,String,Collection)","```json
{
 ""analysis"": ""The current patch modifies the `testRoundTrip` method within the `ToolsHelper` class, presumably to enhance testing capabilities or fix a bug related to round-trip conversions. While the historical vulnerability fix CVE-2023-28465 involved adding a new `testRoundTrip` method to ensure data integrity during round-tripping, the current patch does not explicitly mention fixing a known vulnerability. Instead, it appears to update an existing method's implementation or add new parameters to improve its functionality or robustness. However, without explicit details about the changes made, it is difficult to definitively conclude whether this patch directly addresses a vulnerability. The changes seem more oriented towards enhancing testing capabilities or addressing a bug rather than fixing a security vulnerability."",
 ""vulnerability_fix"": ""no""
}
```"
664,CVE-2021-41042,"File: core/oslc4j-jena-provider/src/main/java/org/eclipse/lyo/oslc4j/provider/jena/JenaModelHelper.java, Class: JenaModelHelper, Method: getVisitedResourceName, Signature: String getVisitedResourceName(Resource)","{
 ""analysis"": ""The current patch, represented by the method `getVisitedResourceName(Resource)`, does not explicitly indicate that it is designed to fix a vulnerability. Instead, it appears to be focused on potentially refactoring the method for better readability, correcting any bugs, or adding new logic to handle different types of resources or edge cases. The hypothetical analysis suggests possible improvements in correctness and performance, but does not directly mention addressing security vulnerabilities.

In contrast, the historical vulnerability fix (CVE-2016-9177) seems to focus on enhancing the usability, robustness, and maintainability of the `getResource` method through refactoring, improved exception handling, and enhanced resource validation. This historical fix addresses potential security issues by validating resources and providing clearer error messages, which directly contributes to reducing the risk of vulnerabilities.

While both analyses involve code changes aimed at improving the overall quality and reliability of the codebase, the current patch lacks explicit indications of addressing security vulnerabilities. Therefore, the current patch appears to be more about functional enhancements rather than fixing a known vulnerability."",
 ""vulnerability_fix"": ""no""
}"
1142,CVE-2018-1002201,"File: src/main/java/org/zeroturnaround/zip/ZipUtil.java, Class: Unwraper, Method: process, Signature: void process(InputStream,ZipEntry)","{
 ""analysis"": ""The current patch appears to be focused on either enhancing functionality, optimizing performance, or addressing a bug within the `process` method of the `Unwraper` class. Based on the three aspects analysis provided, the primary focus seems to be on internal logic adjustments, exception handling updates, and potentially improving performance or fixing a bug. This aligns with the purpose of the historical vulnerability fix, which included adding error handling, updating logging, and refactoring stream handling to improve robustness, debugging, and resource management. However, without specific details of the changes made in the current patch, it is challenging to definitively state whether the current patch addresses a known vulnerability. The historical vulnerability fix (CVE-2018-1002201) suggests improvements in error handling and resource management, which are critical for preventing vulnerabilities. Therefore, while the current patch shares some similarities with the historical vulnerability fix, it does not explicitly mention addressing a known vulnerability."",
 ""vulnerability_fix"": ""no""
}"
456,CVE-2022-31159,"File: aws-java-sdk-codeartifact/src/main/java/com/amazonaws/services/codeartifact/model/ListPackageVersionAssetsRequest.java, Class: ListPackageVersionAssetsRequest, Method: setRepository, Signature: void setRepository(String)","{
 ""analysis"": ""The current patch adds a method `setRepository` to the `ListPackageVersionAssetsRequest` class, allowing developers to specify the repository name as a string parameter. The purpose of this change is to enhance the flexibility and specificity of API calls related to package version assets. Similar to the historical vulnerability fix (CVE-2022-31159), the addition of a method (`withRepository`) in the same class aimed at enhancing the usability and readability of the code through a fluent API style. However, the current patch does not introduce any security-related changes or fixes. Instead, it focuses on functional enhancements. The historical vulnerability fix, while also adding a method, had a different primary objective of improving the fluent API style, which indirectly could have addressed some usability issues but did not necessarily address a security vulnerability."",
 ""vulnerability_fix"": ""no""
}"
1133,CVE-2023-45277,"File: yamcs-core/src/main/java/org/yamcs/yarch/FileSystemBucket.java, Class: FileSystemBucket, Method: getObject, Signature: byte getObject(String)","{
 ""analysis"": ""The current patch modifies the `getObject` method in the `FileSystemBucket` class to return a byte array by taking a string identifier as input. Based on the three aspect analysis, the primary purpose appears to be implementing functionality for fetching data objects stored in a specific location within the file system bucket. While the purpose includes improving performance or reliability, there's no explicit indication that this change addresses a known vulnerability. In contrast, the historical vulnerability fix (CVE-2023-45277) focused on updating the `findObject` method to improve the efficiency and accuracy of finding objects, enhancing debuggability, and ensuring compatibility with new storage formats. The current patch does not mention any changes related to logging or compatibility adjustments, which are key aspects of the historical fix."",
 ""vulnerability_fix"": ""no""
}"
152,CVE-2023-35887,"File: sshd-sftp/src/main/java/org/apache/sshd/sftp/server/AbstractSftpSubsystemHelper.java, Class: AbstractSftpSubsystemHelper, Method: doRealPath, Signature: void doRealPath(Buffer,int)","```json
{
  ""analysis"": ""The current patch modifies the `doRealPath` method within the `AbstractSftpSubsystemHelper` class with the goal of enhancing performance and robustness in path resolution for the SFTP subsystem. The historical vulnerability fix involves modifying the `doFStat` method in the `SftpSubsystem` class to improve file status retrieval and potentially address security or compliance issues. While both patches aim to improve the functionality and reliability of the SFTP subsystem, the current patch does not explicitly mention addressing a known vulnerability. Instead, it focuses on performance enhancements and better exception handling. However, improving path resolution and error handling can indirectly contribute to overall system stability and security."",
  ""vulnerability_fix"": ""no""
}
```"
534,CVE-2022-31159,"File: aws-java-sdk-glue/src/main/java/com/amazonaws/services/glue/model/ListStatementsResult.java, Class: ListStatementsResult, Method: toString, Signature: String toString()","{
 ""analysis"": ""The current patch modifies the `toString` method in the `ListStatementsResult` class, similar to the historical fix which added a `toString` method to the `ListStatementsRequest` class. Both changes aim to improve the string representation of their respective classes for better debugging and logging purposes. The historical fix was related to CVE-2022-31159, indicating it addressed a specific vulnerability. However, the current patch does not mention any security concerns or vulnerabilities explicitly. Instead, it focuses on enhancing the readability of logs or error messages involving `ListStatementsResult` objects. Therefore, based on the provided information, there is no clear indication that the current patch is addressing a vulnerability."",
 ""vulnerability_fix"": ""no""
}"
584,CVE-2022-46166,"File: spring-boot-admin-server/src/main/java/de/codecentric/boot/admin/server/notify/MicrosoftTeamsNotifier.java, Class: MicrosoftTeamsNotifier, Method: createMessage, Signature: Message createMessage(Instance,String,String,StandardEvaluationContext)","{
 ""analysis"": ""The current patch introduces a new method `createMessage` in the `MicrosoftTeamsNotifier` class, which is designed to enhance notification capabilities by integrating Microsoft Teams notifications. This method is similar in nature to the historical vulnerability fix in terms of introducing new functionality related to notification creation and formatting. However, there are key differences. The historical fix (CVE-2022-46166) involved refactoring an existing method (`createContent`) within a different notifier class (`DiscordNotifier`) to improve notification detail and integration with Discord. In contrast, the current patch adds a completely new method to handle Microsoft Teams notifications. The purpose of the current patch seems to be enhancing the notification capabilities rather than fixing a known vulnerability. There is no indication that the `createMessage` method is addressing a security issue or vulnerability; instead, it appears to be adding a new feature."",
 ""vulnerability_fix"": ""no""
}"
750,CVE-2023-24057,"File: org.hl7.fhir.validation/src/main/java/org/hl7/fhir/validation/Scanner.java, Class: Scanner, Method: extractFile, Signature: void extractFile(ZipInputStream,String)","{
 ""analysis"": ""The current patch modifies the `extractFile` method within the `Scanner` class, which is similar in nature to the historical vulnerability fix that involved modifying the `unzip` method. Both methods deal with the extraction of files from a zip input stream, suggesting a focus on file handling processes. The purpose of the current patch appears to be an enhancement or correction related to the logic for extracting files, which aligns with the historical fix aimed at improving the unzipping process. However, without explicit details on the nature of the changes or reported issues, it's challenging to definitively conclude if this patch directly addresses a specific vulnerability. The implications of the change suggest potential impacts on the validation process, including possible performance considerations and the need for thorough testing to ensure functionality integrity."",
 ""vulnerability_fix"": ""uncertain""
}"
522,CVE-2022-31159,"File: aws-java-sdk-glue/src/main/java/com/amazonaws/services/glue/model/Job.java, Class: Job, Method: withAllocatedCapacity, Signature: Job withAllocatedCapacity(Integer)","{
 ""analysis"": ""The current patch modifies the `withAllocatedCapacity` method in the `Job` class of the AWS SDK for Java. The purpose of this modification is to update how job capacity allocation is specified within the AWS Glue service, which could involve changes such as accepting an `Integer` parameter for the allocated capacity. This change aims to enhance or standardize the way resources are managed in AWS Glue jobs, possibly improving flexibility or usability of the API. Comparing this to the historical vulnerability fix (CVE-2022-31159), we observe that both modifications introduce the `withAllocatedCapacity` method but in different classes (`Job` vs `JobUpdate`). The historical fix aimed to provide users more control over resource allocation, while the current patch focuses on updating the method signature and possibly enhancing user experience or system efficiency. However, there is no explicit indication in the provided information that the current patch addresses a security vulnerability."",
 ""vulnerability_fix"": ""no""
}"
754,CVE-2023-28465,"File: org.hl7.fhir.r4b/src/main/java/org/hl7/fhir/r4b/renderers/QuestionnaireRenderer.java, Class: QuestionnaireRenderer, Method: renderFormItem, Signature: boolean renderFormItem(XhtmlNode,Questionnaire,QuestionnaireItemComponent,String,int)","{
 ""analysis"": ""The current patch appears to focus on enhancing the readability, robustness, and performance of the `renderFormItem` method within the `QuestionnaireRenderer` class. It includes refactoring the logic, adding parameter validation, and optimizing rendering processes. These changes aim to make the code more maintainable, handle unexpected inputs more gracefully, and improve rendering speed. However, there is no explicit mention of addressing any known security vulnerabilities or correcting issues that led to CVE-2023-28465. While the improvements in robustness and error handling may indirectly contribute to better security posture, the primary intent seems to be functional enhancements rather than vulnerability mitigation. The historical vulnerability fix (CVE-2023-28465) involved modifying the `renderFormItem` method to handle nested form items more effectively, which suggests an issue related to rendering accuracy and completeness but does not explicitly indicate a security flaw."",
 ""vulnerability_fix"": ""no""
}"
50,CVE-2019-0194,"File: camel-core/src/test/java/org/apache/camel/component/file/FileProducerExpressionTest.java, Class: FileProducerExpressionTest, Method: testProducerComplexByExpression, Signature: void testProducerComplexByExpression()","{
 ""analysis"": ""The current patch appears to be focused on enhancing the test coverage and reliability of the file producer component, particularly for complex expressions used by the file component producer. This is similar to the historical vulnerability fix (CVE-2019-0194) which aimed to improve test coverage and fix existing bugs in the FTP producer component. However, the current patch does not explicitly mention fixing any specific vulnerabilities. Instead, it focuses on refactoring the test logic, adding new assertions, and potentially improving performance and readability. Given these points, while the patch could indirectly contribute to reducing vulnerabilities by ensuring more thorough testing, it is not explicitly aimed at fixing a known vulnerability."",
 ""vulnerability_fix"": ""no""
}"
1057,CVE-2018-12542,"File: vertx-web/src/test/java/io/vertx/ext/web/handler/StaticHandlerTest.java, Class: StaticHandlerTest, Method: testHandlerAfter, Signature: void testHandlerAfter()","{
 ""analysis"": ""The current patch involves modifying or adding a test method `testHandlerAfter()` within the `StaticHandlerTest` class. This method appears to be focused on enhancing the testing coverage for scenarios involving the `StaticHandler` after it processes certain requests. On the other hand, the historical vulnerability fix (CVE-2018-12542) involved modifying the `toDateTime` method to improve date-time string parsing and conversion to milliseconds. While both patches involve changes in the testing context, the current patch does not directly address a known vulnerability. Instead, it seems aimed at improving test coverage and potentially catching bugs or issues that may arise in the future. The current patch does not show any direct signs of addressing a specific security flaw or vulnerability."",
 ""vulnerability_fix"": ""no""
}"
261,CVE-2019-17572,"File: client/src/main/java/org/apache/rocketmq/client/impl/MQAdminImpl.java, Class: MQAdminImpl, Method: createTopic, Signature: void createTopic(String,String,int,int)","{
 ""analysis"": ""The current patch modifies the `createTopic` method in the `MQAdminImpl` class, which is responsible for creating topics within the RocketMQ system. The purpose of this modification seems to be aimed at enhancing functionality, fixing a bug, or improving performance. However, there is no explicit indication that it directly addresses a security vulnerability based on the provided information. On the other hand, the historical vulnerability fix (CVE-2019-17572) focuses on the `checkTopic` method in the `Validators` class, which enforces stricter validation criteria on topic names. This change was clearly intended to address a vulnerability by ensuring that topic names adhere to stricter validation rules. While both patches relate to topic management within RocketMQ, they target different methods and appear to serve different purposes. Therefore, the current patch does not seem to be a direct vulnerability fix."",
 ""vulnerability_fix"": ""no""
}"
18,CVE-2018-11775,"File: activemq-unit-tests/src/test/java/org/apache/activemq/transport/nio/NIOSSLWindowSizeTest.java, Class: NIOSSLWindowSizeTest, Method: testLargePayload, Signature: void testLargePayload()","{
 ""analysis"": ""The current patch modifies the `testLargePayload` method in the `NIOSSLWindowSizeTest` class. Based on the provided information, the purpose of the change seems to be enhancing or fixing the test coverage for handling large payloads over an NIO-based SSL connection. This suggests that the changes are focused on improving the robustness and reliability of the test scenario rather than directly addressing a security vulnerability. The historical vulnerability fix (CVE-2018-11775) appears to have been aimed at improving the reliability and stability of test scenarios, possibly by enhancing logging and refactoring the test methods. While both patches share the goal of improving test reliability, the current patch specifically targets large payload scenarios, which is distinct from the general test stability improvements seen in the historical fix. Therefore, the current patch does not appear to be explicitly designed to fix a security vulnerability but rather to improve the test's ability to handle large data transfers."",
 ""vulnerability_fix"": ""no""
}"
889,CVE-2018-10894,"File: testsuite/integration-arquillian/tests/base/src/main/java/org/keycloak/testsuite/updaters/ClientAttributeUpdater.java, Class: ClientAttributeUpdater, Method: setAttribute, Signature: ClientAttributeUpdater setAttribute(String,String)","```json
{
  ""analysis"": ""The current patch modifies the `setAttribute` method within the `ClientAttributeUpdater` class, which is responsible for setting client attributes in the test suite. Based on the provided information, the primary purpose appears to be enhancing or fixing how client attributes are handled and tested. However, there is no explicit indication that this patch is directly addressing a security vulnerability. Instead, it seems more focused on improving the management and testing of client attributes. Comparing this with CVE-2018-10894, which involved a specific vulnerability related to client attribute handling, the current patch does not explicitly mention any security concerns. Therefore, while the patch may indirectly contribute to better security by ensuring accurate attribute handling, it does not seem to be directly addressing a known vulnerability."",
  ""vulnerability_fix"": ""no""
}
```"
642,CVE-2022-31192,"File: dspace-jspui/src/main/java/org/dspace/app/webui/util/RequestItemManager.java, Class: RequestItemManager, Method: getLinkTokenEmail, Signature: String getLinkTokenEmail(Context,String,int,String,String,boolean)","```json
{
 ""analysis"": ""The current patch modifies the method `getLinkTokenEmail` in the `RequestItemManager` class by adding new parameters. This change appears to enhance the functionality and configurability of the method. The purpose seems to be providing more detailed information or options when generating a link token email. While the historical vulnerability fix (CVE-2022-1274) also involves modifying methods related to email handling, the current patch does not explicitly indicate any security enhancements or fixes. Instead, it focuses on expanding the method's capabilities. Therefore, based on the provided information, the current patch does not appear to be aimed at fixing a known vulnerability."",
 ""vulnerability_fix"": ""no""
}
```"
285,CVE-2024-23673,"File: src/main/java/org/apache/sling/servlets/resolver/internal/SlingScriptResolverImpl.java, Class: SlingScriptResolverImpl, Method: findScript, Signature: SlingScript findScript(ResourceResolver,String)","{
 ""analysis"": ""The current patch appears to be aimed at enhancing the functionality and robustness of the `findScript` method within the `SlingScriptResolverImpl` class by incorporating a `ResourceResolver` parameter. This change adds flexibility to the script resolution process and improves error management. However, there is no explicit indication that this patch is directly addressing a security vulnerability. Instead, it seems to be focused on functional improvements and better resource handling. Comparing this with the historical vulnerability fix (CVE-2016-9177), which involved refactoring the `getResource` method to improve usability, robustness, and maintainability, we can see some parallels in terms of adding validation and improving error handling. However, the primary intent of the current patch does not seem to be fixing a known vulnerability but rather enhancing the overall system behavior and reliability."",
 ""vulnerability_fix"": ""no""
}"
718,CVE-2022-44262,"File: ff4j-config-properties/src/test/java/org/ff4j/parser/properties/PropertiesParserTest.java, Class: PropertiesParserTest, Method: importProperties_should_be_same_asXMLImport, Signature: void importProperties_should_be_same_asXMLImport()","{
 ""analysis"": ""The current patch under review, `importProperties_should_be_same_asXMLImport`, is designed to ensure that the `PropertiesParser` and `XMLParser` behave equivalently by comparing their outputs for the same set of configuration data. This is similar in nature to the historical vulnerability fix, `importYaml_should_be_same_asXMLImport`, which aimed to ensure consistency between YAML and XML parsers. Both tests are focused on ensuring that different parsers produce consistent results, thereby enhancing the reliability and robustness of the FF4J configuration management system. However, the current patch does not explicitly address any known security vulnerabilities or issues; it is more about ensuring functional parity between parsers. Therefore, while it contributes to the overall reliability of the system, it does not directly aim to fix a specific vulnerability."",
 ""vulnerability_fix"": ""no""
}"
478,CVE-2022-31159,"File: aws-java-sdk-codeartifact/src/main/java/com/amazonaws/services/codeartifact/model/PackageDependency.java, Class: PackageDependency, Method: setNamespace, Signature: void setNamespace(String)","{
 ""analysis"": ""The current patch modifies the `setNamespace` method in the `PackageDependency` class, similar to the historical vulnerability fix which modified the `setNamespace` method in the `ListPackageVersionDependenciesResult` class. Both modifications are made to potentially enhance functionality related to namespace management. However, the historical vulnerability fix (CVE-2022-31159) was explicitly aimed at fixing a specific vulnerability, whereas the current patch does not mention any vulnerability directly. Instead, it focuses on enhancing the method's functionality, such as improving error handling, adding validation logic, or integrating new features. Given the information provided, there is no direct evidence that the current patch is specifically addressing a known vulnerability."",
 ""vulnerability_fix"": ""no""
}"
87,CVE-2021-30180,"File: dubbo-cluster/src/test/java/org/apache/dubbo/rpc/cluster/configurator/parser/ConfigParserTest.java, Class: ConfigParserTest, Method: parseConfiguratorsAppMultiServicesTest, Signature: void parseConfiguratorsAppMultiServicesTest()","{
 ""analysis"": ""The current patch modifies the method `parseConfiguratorsAppMultiServicesTest` in the class `ConfigParserTest`. This method appears to be a test case designed to handle configurators for multiple services under different applications. The purpose of this change is likely to enhance or fix the test case for handling configurators across multiple services within different application contexts. The implications of this change could lead to more reliable and accurate testing of the configuration parser for multi-service scenarios, which could help catch bugs earlier and improve the overall quality of the Dubbo framework.

In comparison, the historical vulnerability fix CVE-2021-30180 involved modifications to the test method `parseConfiguratorsServiceMultiAppsTest` within the class `ConfigParserTest`. This method tested the functionality related to parsing configurators for multiple applications in the Dubbo framework. The purpose was to enhance or fix the testing logic for handling configurators across multiple applications, aiming to improve reliability and robustness in multi-application scenarios.

While both patches involve enhancing test cases for configurators in multi-context scenarios, the current patch does not explicitly mention any security concerns or vulnerabilities. Instead, it seems focused on improving test coverage and reliability for multi-service scenarios. Therefore, based on the information provided, there is no clear indication that this patch is directly addressing a known vulnerability."",
 ""vulnerability_fix"": ""no""
}"
1121,CVE-2023-32070,"File: xwiki-rendering-xml/src/main/java/org/xwiki/rendering/renderer/printer/XHTMLWikiPrinter.java, Class: XHTMLWikiPrinter, Method: printXMLElement, Signature: void printXMLElement(String,String[][])","```json
{
  ""analysis"": ""The current patch and the historical vulnerability fix share some common themes but also have distinct differences. Both patches aim to enhance the robustness and maintainability of the `XHTMLWikiPrinter` class's `printXMLElement` method. However, the current patch focuses more on improving code quality, enhancing security through XML escaping, and maintaining backward compatibility. In contrast, the historical vulnerability fix introduces new functionality and dynamic attribute handling, which increases the method's flexibility but potentially adds complexity."",
  ""vulnerability_fix"": ""yes""
}
```

### Explanation:
- **Current Patch:** The focus on XML escaping suggests an effort to mitigate security risks, particularly related to XML injection attacks. This aligns with the purpose of fixing a known vulnerability (similar to CVE-2023-32070).
- **Historical Vulnerability Fix:** While it enhances functionality and maintainability, it doesn't explicitly mention addressing security concerns directly. Instead, it introduces new features that might indirectly affect security but are not primarily focused on fixing a known vulnerability.

Given these points, the current patch appears to be designed to address a security vulnerability by ensuring proper handling of XML content, thus the conclusion is that it is indeed intended to fix a vulnerability."
532,CVE-2022-31159,"File: aws-java-sdk-glue/src/main/java/com/amazonaws/services/glue/model/ListSessionsResult.java, Class: ListSessionsResult, Method: getIds, Signature: java getIds()","{
 ""analysis"": ""The current patch introduces a new method `getIds()` in the `ListSessionsResult` class, which is designed to enhance usability by allowing easier access to session IDs. This change does not appear to be aimed at fixing a security vulnerability but rather improving the user experience and convenience when working with the AWS SDK for Java's Glue service. In contrast, the historical vulnerability fix (CVE-2022-31159) involved modifications to the `setIds` method, which might have addressed an issue related to session ID management or API compatibility. While both changes pertain to session ID handling, the current patch focuses on usability enhancements rather than addressing a security flaw."",
 ""vulnerability_fix"": ""no""
}"
790,CVE-2021-23792,"File: imageio/imageio-metadata/src/main/java/com/twelvemonkeys/imageio/metadata/xmp/XMPReader.java, Class: XMPReader, Method: parseAsResource, Signature: RDFDescription parseAsResource(Node)","```json
{
 ""analysis"": ""The current patch modifies the method `parseAsResource` in the class `XMPReader`. The method signature remains unchanged, suggesting that the changes are likely internal to the method body. Based on the three aspects analysis provided, the primary focus appears to be on improving the parsing logic or fixing a bug related to how XMP metadata is interpreted and processed. The purpose of the change includes potential enhancements in parsing logic, performance improvements, and compliance updates. However, there is no explicit indication that this patch addresses a known security vulnerability. In contrast, the historical vulnerability fix (CVE-2021-23792) involves refactoring the method signature, adding null checks, and enhancing documentation, which directly aim at improving robustness and maintaining backward compatibility. Given these details, the current patch does not show clear signs of being a vulnerability fix, but it could indirectly contribute to overall system stability and robustness."",
 ""vulnerability_fix"": ""no""
}
```"
829,CVE-2023-24422,"File: src/test/java/org/jenkinsci/plugins/scriptsecurity/sandbox/groovy/SandboxInterceptorTest.java, Class: SandboxInterceptorTest, Method: groovyInterceptable, Signature: void groovyInterceptable()","{
 ""analysis"": ""The current patch for the `groovyInterceptable` method appears to focus on enhancing test coverage and possibly introducing new behaviors or fixing bugs related to sandbox interception in Groovy scripts. Given the nature of the method and its role in Jenkins' script security, any modifications here could indeed have significant security implications. However, without the exact changes, it's challenging to definitively determine if this patch addresses a specific vulnerability like CVE-2023-24422. The historical vulnerability fix for `unsafeReturnValue` focused on improving safety mechanisms around return values, which is a different aspect of sandboxing. While both patches aim to enhance security, the current patch seems more oriented towards testing and possibly refactoring rather than directly addressing a known vulnerability."",
 ""vulnerability_fix"": ""no""
}"
413,CVE-2023-34468,"File: nifi-nar-bundles/nifi-standard-services/nifi-dbcp-service-bundle/nifi-dbcp-service/src/test/java/org/apache/nifi/dbcp/DBCPServiceTest.java, Class: DBCPServiceTest, Method: testCustomValidateOfKerberosProperties, Signature: void testCustomValidateOfKerberosProperties()","{
 ""analysis"": ""The current patch introduces a new test method `testCustomValidateOfKerberosProperties` in the `DBCPServiceTest` class. This method aims to validate Kerberos properties within the DBCP service. The purpose of this change is to ensure that Kerberos properties are correctly validated before being used, which enhances the overall reliability and security of the DBCP service. The method's addition is aimed at preventing misconfigurations and ensuring compatibility and security when Kerberos authentication is utilized with the DBCP service. However, it does not directly reference any known historical vulnerability like CVE-2023-34468, which pertains to the `DBCPProperties` class in the `nifi-dbcp-base` module. The current patch appears more focused on adding a new test rather than addressing a specific identified vulnerability."",
 ""vulnerability_fix"": ""no""
}"
1127,CVE-2023-32070,"File: xwiki-rendering-xml/src/main/java/org/xwiki/rendering/renderer/printer/XHTMLWikiPrinter.java, Class: XHTMLWikiPrinter, Method: printXMLEndElement, Signature: void printXMLEndElement(String)","{
 ""analysis"": ""The current patch introduces enhancements to the `printXMLEndElement` method to handle the `String` parameter passed, ensure proper closure of XML elements, and add error handling for null or invalid inputs. These changes aim to improve the method's functionality and robustness. The purpose of these changes aligns more with enhancing the method's capability to handle XML elements correctly rather than directly addressing a known vulnerability. The historical vulnerability fix (CVE-2023-32070) involves refactoring method parameters, optimizing code, and fixing bugs related to XML element start printing, which is different from the current patch's focus on XML end element handling. While both patches aim to improve XML handling, the current patch does not explicitly mention or address a specific vulnerability that was previously exploited."",
 ""vulnerability_fix"": ""no""
}"
1048,CVE-2018-1000850,"File: retrofit/src/test/java/retrofit2/RequestFactoryTest.java, Class: RequestFactoryTest, Method: getWithQuery, Signature: void getWithQuery()","```json
{
 ""analysis"": ""The current patch under analysis appears to focus on enhancing the testing and possibly the handling of query parameters within the `getWithQuery` method. This method constructs HTTP GET requests with query parameters. While the historical vulnerability fix (CVE-2018-1000850) specifically addresses request splitting vulnerabilities through proper handling of encoded paths, the current patch does not explicitly mention or address similar security concerns directly. Instead, it seems aimed at improving test coverage and potentially handling query parameters more effectively. However, better handling of query parameters could indirectly contribute to overall security by ensuring that these parameters are correctly formatted and transmitted."",
 ""vulnerability_fix"": ""no""
}
```"
445,CVE-2022-31159,"File: aws-java-sdk-codeartifact/src/main/java/com/amazonaws/services/codeartifact/model/CopyPackageVersionsRequest.java, Class: CopyPackageVersionsRequest, Method: withFormat, Signature: CopyPackageVersionsRequest withFormat(String)","```json
{
 ""analysis"": ""The current patch modifies the `withFormat` method in the `CopyPackageVersionsRequest` class to accept a string parameter. This change appears to be aimed at updating the way package versions are formatted during a copy operation, potentially to improve compatibility with different versioning schemes supported by the AWS CodeArtifact service. Based on the information provided, there is no explicit indication that this patch is addressing a security vulnerability. Instead, it seems to be a functional enhancement or bug fix related to package version formatting. In contrast, the historical vulnerability fix (CVE-2022-31159) likely involved changes to the `setFormat` method to address a specific security issue. While both changes involve the format of package versions, the current patch does not exhibit characteristics typically associated with vulnerability fixes such as input validation enhancements, error handling improvements, or security-related documentation updates."",
 ""vulnerability_fix"": ""no""
}
```"
434,CVE-2022-31159,"File: aws-java-sdk-codeartifact/src/main/java/com/amazonaws/services/codeartifact/AbstractAWSCodeArtifact.java, Class: AbstractAWSCodeArtifact, Method: describeRepository, Signature: DescribeRepositoryResult describeRepository(DescribeRepositoryRequest)","```json
{
  ""analysis"": ""The current patch modifies the `describeRepository` method in the `AbstractAWSCodeArtifact` class by adding logging statements, improving exception handling, and refactoring the method to use a new utility class for parsing repository details. These changes aim to enhance logging, improve error messaging, and increase code maintainability. In contrast, the historical vulnerability fix (CVE-2022-31159) focuses on improving robustness through additional error handling, adding logging for entry and exit points, and validating input parameters in the `describeRepositoryAsync` method of the `AbstractAWSCodeArtifactAsync` class. While both patches share some common themes like enhanced error handling and logging, the current patch does not explicitly address a security vulnerability. Instead, it seems to be an improvement aimed at enhancing overall code quality and maintainability."",
  ""vulnerability_fix"": ""no""
}
```"
708,CVE-2022-24891,"File: src/main/java/org/owasp/esapi/reference/DefaultValidator.java, Class: DefaultValidator, Method: isValidDirectoryPath, Signature: boolean isValidDirectoryPath(String,String,File,boolean,ValidationErrorList)","```json
{
  ""analysis"": ""The current patch and the historical vulnerability fix both focus on enhancing the validation process for directory paths within the `DefaultValidator` class. The current patch's analysis indicates that it includes refactored input validation, enhanced error handling, and updated documentation. These changes align with the purpose of strengthening security by preventing directory traversal attacks. Similarly, the historical vulnerability fix (CVE-2022-24891) involves modifying the validation logic for directory paths to address security requirements. Both analyses suggest that these changes aim to improve the overall security posture of the application by ensuring that only valid directory paths are accepted. The implications of these changes highlight potential backward incompatibility issues, increased robustness, and possible impacts on development timelines. Given the context, the current patch appears to be aimed at fixing a security vulnerability related to directory path validation."",
  ""vulnerability_fix"": ""yes""
}
```"
15,CVE-2018-11775,"File: activemq-unit-tests/src/test/java/org/apache/activemq/transport/nio/NIOSSLBasicTest.java, Class: NIOSSLBasicTest, Method: verifyHostNameError, Signature: void verifyHostNameError()","{
 ""analysis"": ""The current patch introduces a new test method `verifyHostNameError()` within the `NIOSSLBasicTest` class. This method is designed to verify host name errors in SSL/TLS connections. Based on the historical vulnerability CVE-2018-11775, which relates to potential host name verification issues, the introduction of such a test method suggests an intention to address similar security concerns. The purpose of this method aligns with enhancing security by ensuring robust host name verification, which is crucial for preventing man-in-the-middle attacks and other security breaches. The method appears to serve as a regression test to prevent future regressions in host name verification logic, thereby improving the overall security posture of the system. However, without the exact code changes, it is speculative to definitively state that this patch fixes a known vulnerability. Instead, it seems to be a proactive measure to ensure secure host name verification."",
 ""vulnerability_fix"": ""yes""
}"
867,CVE-2021-41269,"File: src/test/java/com/cronutils/Issue418Test.java, Class: Issue418Test, Method: testInvalidWeekDayEnd, Signature: void testInvalidWeekDayEnd()","{
 ""analysis"": ""The current patch adds a new test method `testInvalidWeekDayEnd` to the `Issue418Test` class. The purpose of this method is to introduce a new test case that likely validates a specific bug related to handling invalid weekdays. Similar to the historical vulnerability fix information for CVE-2021-41269, which involved a test method `testInvalidWeekDayStart`, the current patch aims to enhance test coverage and prevent future regressions related to invalid weekday values. Both patches focus on ensuring the system correctly handles edge cases involving invalid weekdays. However, the current patch specifically targets the end of the week, while the historical one targeted the start. The current patch also aims to improve quality assurance and stability, aligning with the historical patch's objectives."",
 ""vulnerability_fix"": ""yes""
}"
832,CVE-2022-25174,"File: src/main/java/org/jenkinsci/plugins/workflow/libs/FolderLibraries.java, Class: ForJob, Method: forGroup, Signature: Collection forGroup(ItemGroup,boolean)","```json
{
 ""analysis"": ""The current patch modifies the method `forGroup` within the class `ForJob` in the file `FolderLibraries.java`. The modifications seem to focus on refactoring the method, possibly changing how the boolean parameter is used and potentially enhancing the logic or handling of group-related operations for Jenkins job libraries. While it maintains the return type as `Collection`, suggesting backward compatibility, there is no explicit indication that this patch addresses a security vulnerability. The purpose of the change appears to be more focused on functional improvements rather than security enhancements. Comparing this with the historical vulnerability fix (CVE-2022-25174), which involved modifying the `add` method in the `LibraryAdder` class to handle additional parameters like `CpsFlowExecution`, `List`, and `HashMap`, the current patch does not exhibit similar characteristics. The historical fix was more about extending functionality and potentially addressing a bug related to library management, whereas the current patch seems to be more about internal logic and possibly performance optimization."",
 ""vulnerability_fix"": ""no""
}
```"
128,CVE-2023-35887,"File: sshd-common/src/main/java/org/apache/sshd/common/file/root/RootedFileSystemProvider.java, Class: RootedFileSystemProvider, Method: readSymbolicLink, Signature: Path readSymbolicLink(Path)","{
 ""analysis"": ""The current patch focuses on modifying the `readSymbolicLink(Path link)` method within the `RootedFileSystemProvider` class. The purpose of this modification appears to be enhancing the functionality and potentially addressing edge cases or improving performance when dealing with symbolic links in a rooted file system. The three aspects of the patch analysis highlight these intentions without explicitly mentioning security concerns or known vulnerabilities. 

In contrast, the historical vulnerability fix (CVE-2023-35887) centers around enhancing test coverage and ensuring robustness of root-level operations through additional tests within the `RootedFileSystemProviderTest` class. This historical fix is clearly aimed at mitigating security risks and ensuring that root-level operations are handled securely and correctly.

While the current patch does not directly mention fixing a specific vulnerability, it does touch upon areas that could potentially have security implications (handling symbolic links). However, based on the information provided, there is no explicit indication that the current patch is addressing a known or suspected vulnerability. Instead, it seems to be an enhancement or bug fix related to the functionality of symbolic links in the context of a rooted file system."",
 ""vulnerability_fix"": ""no""
}"
253,CVE-2019-17572,"File: broker/src/main/java/org/apache/rocketmq/broker/processor/AbstractSendMessageProcessor.java, Class: AbstractSendMessageProcessor, Method: msgCheck, Signature: RemotingCommand msgCheck(ChannelHandlerContext,SendMessageRequestHeader,RemotingCommand)","```json
{
 ""analysis"": ""The current patch appears to be aimed at improving the maintainability, robustness, and performance of the `msgCheck` method in the `AbstractSendMessageProcessor` class. It refactors the validation logic into separate utility methods, enhances error handling, and optimizes performance. While these changes contribute to the overall health and reliability of the system, they do not explicitly indicate a vulnerability fix. The historical vulnerability fix (CVE-2019-17572) involved modifying the `checkMessage` method in the `Validators` class to improve message validation logic, which aligns more closely with addressing a security issue. However, without explicit details indicating a security flaw being addressed, the current patch seems to focus on general code improvements rather than fixing a known vulnerability."",
 ""vulnerability_fix"": ""no""
}
```"
249,CVE-2022-33140,"File: nifi-registry/nifi-registry-core/nifi-registry-framework/src/main/java/org/apache/nifi/registry/security/authorization/shell/ShellUserGroupProvider.java, Class: ShellUserGroupProvider, Method: getGroup, Signature: Group getGroup(String)","```json
{
  ""analysis"": ""The current patch and the historical vulnerability fix both focus on enhancing the robustness, maintainability, and security aspects of the methods involved. In the current patch, the `getGroup` method in the `ShellUserGroupProvider` class has been updated to include additional validation checks, improved documentation, and parameter validation. This suggests that the changes aim to prevent potential security vulnerabilities related to improper input handling, similar to the historical vulnerability fix in the `getConfig` method. Both changes also emphasize improved maintainability and reduced bug potential due to better error handling and clearer code. However, without the exact patch details, we cannot definitively conclude that the current patch is specifically addressing a vulnerability. It is likely that the changes are part of an ongoing effort to improve the overall security and stability of the system."",
  ""vulnerability_fix"": ""likely""
}
```"
782,CVE-2023-28465,"File: org.hl7.fhir.validation/src/test/java/org/hl7/fhir/conversion/tests/UtilitiesXTests.java, Class: UtilitiesXTests, Method: findTestResource, Signature: boolean findTestResource(String)","{
 ""analysis"": ""The current patch and the historical vulnerability fix share some similarities in terms of their purpose and implications. Both seem to focus on improving the handling of test resources, which can be critical for ensuring the reliability and consistency of test executions. However, the current patch does not explicitly mention any security-related improvements or bug fixes related to vulnerabilities. Instead, it seems to be focused on enhancing the utility function for locating test resources. Given the lack of specific details about security enhancements or bug fixes, it appears that the primary intent of the current patch is to improve the utility function rather than address a known vulnerability."",
 ""vulnerability_fix"": ""no""
}"
590,CVE-2022-46166,"File: spring-boot-admin-server/src/main/java/de/codecentric/boot/admin/server/notify/OpsGenieNotifier.java, Class: OpsGenieNotifier, Method: setApiKey, Signature: nan","{
 ""analysis"": ""The current patch modifies the `setApiKey` method within the `OpsGenieNotifier` class. Based on the provided information, the purpose of this change seems to be related to updating or configuring the API key used for communication with the OpsGenie service. There is no explicit indication that this patch is directly addressing a known vulnerability like CVE-2022-46166. However, incorrect API key configuration can lead to operational issues, such as failure in sending alerts, which could indirectly affect the system's security posture. The historical vulnerability fix (CVE-2022-46166) involved adding a `getDescription` method to provide more detailed notifications, which is a different type of change compared to the current patch. Therefore, while the current patch might mitigate certain risks, it does not appear to be directly fixing a known vulnerability."",
 ""vulnerability_fix"": ""no""
}"
896,CVE-2022-1274,"File: services/src/main/java/org/keycloak/authentication/actiontoken/execactions/ExecuteActionsActionTokenHandler.java, Class: ExecuteActionsActionTokenHandler, Method: getVerifiers, Signature: Predicate getVerifiers(ActionTokenContext)","{
 ""analysis"": ""The current patch modifies the `getVerifiers` method within the `ExecuteActionsActionTokenHandler` class. The primary changes include updating the method's return type to be more specific (`Predicate<SomeType>` instead of `Predicate`) and adding a `ActionTokenContext` parameter. These changes seem aimed at enhancing type safety and providing additional contextual information to the method. 

Comparing this with the historical vulnerability fix CVE-2018-10894, we observe that both patches involve method signature changes to introduce more contextual information. However, CVE-2018-10894 was specifically addressing an issue that required passing additional parameters to enhance security features, while the current patch appears to be focused on improving type safety and contextual handling within the method itself.

Based on the provided information, the current patch does not explicitly mention any security fixes or vulnerabilities. Instead, it seems to be a refactoring effort aimed at improving code clarity, type safety, and contextual usage. Therefore, while the method signature changes share some similarity with the historical vulnerability fix, the intent behind the current patch is different and does not directly indicate a vulnerability fix."",
 ""vulnerability_fix"": ""no""
}"
70,CVE-2023-49109,"File: dolphinscheduler-dao/src/test/java/org/apache/dolphinscheduler/dao/mapper/K8sNamespaceMapperTest.java, Class: K8sNamespaceMapperTest, Method: insertOne, Signature: K8sNamespace insertOne()","{
 ""analysis"": ""The current patch modifies the `insertOne()` method within the `K8sNamespaceMapperTest` class, which is focused on enhancing or fixing the test case for inserting a Kubernetes namespace. This suggests an improvement in the test's ability to validate the insertion of namespaces into the database. Comparing this with the historical vulnerability fix (CVE-2023-49109), which involved modifying the `testUpdate` method to improve test coverage and potentially address bugs in the update functionality, we observe that both patches are centered around improving the reliability and robustness of test cases for Kubernetes namespace operations. However, the current patch does not explicitly indicate a direct fix for a known vulnerability but rather seems to be focused on ensuring the test accurately reflects the behavior of the database interaction for Kubernetes namespaces. Therefore, while it contributes to the overall reliability of the system, it does not appear to be addressing a specific vulnerability as documented in CVE-2023-49109."",
 ""vulnerability_fix"": ""no""
}"
520,CVE-2022-31159,"File: aws-java-sdk-glue/src/main/java/com/amazonaws/services/glue/model/Job.java, Class: Job, Method: withSecurityConfiguration, Signature: Job withSecurityConfiguration(String)","{
 ""analysis"": ""The current patch modifies the `withSecurityConfiguration` method in the `Job` class within the `aws-java-sdk-glue` package. The method now accepts a `String` parameter representing a security configuration identifier. The purpose of this change is to enhance the configurability of AWS Glue jobs by allowing direct specification of security configurations. The implications include improved flexibility and control over job execution, which could lead to better data protection and compliance. Comparing this with the historical vulnerability fix (CVE-2022-31159), both changes involve adding a method to specify security configurations for AWS Glue jobs. However, the current patch targets the `Job` class rather than the `JobRun` class as in the historical fix. There is no indication that the current patch addresses a known vulnerability; instead, it appears to be an enhancement to support additional functionality."",
 ""vulnerability_fix"": ""no""
}"
802,CVE-2019-10219,"File: engine/src/test/java/org/hibernate/validator/test/internal/constraintvalidators/hv/SafeHtmlValidatorTest.java, Class: SafeHtmlValidatorTest, Method: testDivWithWhiteListedClassAttribute, Signature: void testDivWithWhiteListedClassAttribute()","{
 ""analysis"": ""The current patch, `testDivWithWhiteListedClassAttribute`, is focused on enhancing the test coverage for scenarios involving whitelisted class attributes within HTML elements. The purpose is to ensure that the `SafeHtmlValidator` correctly handles these whitelisted attributes without false positives or negatives. This aligns with the goal of maintaining high security standards by validating against potential XSS attacks through proper HTML sanitization. Similar to the historical vulnerability fix CVE-2019-10219, which aimed to enhance the test coverage for unsafe HTML content like script tags, the current patch also aims to strengthen the security measures. However, the current patch does not directly address a known vulnerability but rather improves the test suite to prevent future vulnerabilities related to whitelisted attributes. The improvement in test coverage and the strengthening of security measures are consistent with the historical fix, but the focus is different."",
 ""vulnerability_fix"": ""no""
}"
777,CVE-2023-28465,"File: org.hl7.fhir.utilities/src/test/java/org/hl7/fhir/utilities/UtilitiesTest.java, Class: UtilitiesTest, Method: getJavaHomeDirectory, Signature: String getJavaHomeDirectory()","{
 ""analysis"": ""The current patch modifies the method `getJavaHomeDirectory` in the `UtilitiesTest` class, which appears to be primarily focused on improving the robustness and testability of the method. This method seems to be related to retrieving the Java home directory, which is essential for testing purposes but does not directly suggest a security vulnerability fix. The changes appear to be aimed at enhancing compatibility across different Java environments and making the method easier to test. While these changes could indirectly contribute to system stability and robustness, they do not align closely with the specific nature of the historical vulnerability fix (CVE-2022-32287), which involved improving file extraction from JARs and handling exceptions related to file operations."",
 ""vulnerability_fix"": ""no""
}"
124,CVE-2023-35887,"File: sshd-common/src/main/java/org/apache/sshd/common/file/root/RootedFileSystemProvider.java, Class: RootedFileSystemProvider, Method: unroot, Signature: Path unroot(Path)","{
 ""analysis"": ""The current patch modifies the `unroot` method within the `RootedFileSystemProvider` class, which is designed to handle path transformations. The purpose of this change appears to be ensuring correct path transformations to remove the root prefix. This is similar to the historical vulnerability fix CVE-2023-35887, where the focus was on enhancing the test coverage and robustness of root-level operations within the `RootedFileSystemProvider`. However, the current patch does not explicitly mention any security concerns or vulnerability fixes. Instead, it seems to aim at improving the accuracy and robustness of path handling. The implications of the change also suggest that it may require corresponding updates in dependent modules and updated testing to cover new scenarios and edge cases. While the changes in the `unroot` method could indirectly contribute to better security by ensuring paths are correctly managed, there is no direct evidence provided that this patch is specifically aimed at fixing a known vulnerability."",
 ""vulnerability_fix"": ""no""
}"
22,CVE-2018-11775,"File: activemq-client/src/main/java/org/apache/activemq/transport/nio/NIOSSLTransport.java, Class: NIOSSLTransport, Method: initializeStreams, Signature: void initializeStreams(SelectorSelection,SelectorSelection,Throwable)","```json
{
  ""analysis"": ""The current patch introduces a new parameter `Throwable` to the `initializeStreams` method, which suggests enhanced error handling capabilities. This change appears to be focused on providing more detailed insights into issues encountered during stream initialization, aiding in debugging and troubleshooting. On the other hand, the historical vulnerability fix (CVE-2018-11775) involves refactoring for improved maintainability, simplified logic, and added exception handling to provide more informative error messages. While both changes aim to improve error handling, the current patch does not explicitly mention addressing a specific security vulnerability. Instead, it seems to be enhancing the method's capability to handle and report exceptions more effectively. Therefore, the current patch does not appear to be directly aimed at fixing a known vulnerability but rather at improving the method's robustness and debugging capabilities."",
  ""vulnerability_fix"": ""no""
}
```"
115,CVE-2023-35887,"File: sshd-cli/src/main/java/org/apache/sshd/cli/client/SshClientCliSupport.java, Class: SshClientCliSupport, Method: setupMacs, Signature: List setupMacs(String,String,List,PrintStream)","```json
{
  ""analysis"": ""The current patch modifies the method `setupMacs` to add support for newer and potentially more secure MAC (Message Authentication Code) algorithms. This change enhances the security posture of the SSH client by providing users with the ability to use stronger MAC algorithms, thereby reducing the risk of certain types of attacks. Additionally, it improves output reporting, which aids in user understanding of the selected MAC algorithms. However, this patch does not directly address a known vulnerability as described in CVE-2023-35887, which pertains to the method `setupCompressions`. Instead, the patch focuses on enhancing security through algorithm updates and improved transparency. While it is possible that such enhancements could indirectly mitigate vulnerabilities related to weaker MAC algorithms, the patch itself does not explicitly fix a known vulnerability."",
  ""vulnerability_fix"": ""no""
}
```"
839,CVE-2022-25174,"File: src/main/java/org/jenkinsci/plugins/workflow/libs/LibraryStep.java, Class: Execution, Method: run, Signature: LoadedClasses run()","{
 ""analysis"": ""The current patch modifies the `run` method within the `Execution` class in the `LibraryStep` class, which is responsible for managing and utilizing libraries in Jenkins workflows. Based on the three aspect analysis, the primary purpose seems to be either enhancing functionality or fixing a bug related to how classes are loaded or managed. The changes might impact how Jenkins workflows handle libraries, potentially affecting plugin interactions and necessitating thorough testing. 

Comparing this with the historical vulnerability fix CVE-2022-25174, which involves enhancing the testing suite to ensure correct handling of library classes, there are some similarities in the intent to improve class management and handling. However, the current patch does not explicitly mention addressing a specific vulnerability but rather focuses on functional changes or enhancements.

While the changes in the current patch could indirectly contribute to improving security by ensuring proper class handling, there is no clear indication that it is directly addressing a known vulnerability. Therefore, the analysis leans towards the patch being more of a functional enhancement or bug fix rather than a direct vulnerability fix."",
 ""vulnerability_fix"": ""no""
}"
421,CVE-2018-17187,"File: proton-j/src/main/java/org/apache/qpid/proton/engine/impl/ssl/SslImpl.java, Class: SslImpl, Method: SslImpl, Signature: SslImpl(SslDomain,SslPeerDetails)","{
 ""analysis"": ""The current patch modifies the `SslImpl` constructor to take two parameters (`SslDomain` and `SslPeerDetails`). This change enhances the security configuration by allowing better peer verification through the inclusion of `SslPeerDetails`. The purpose of this change appears to be to improve modularity and adapt to new security policies or standards. The implications include increased complexity due to the additional parameter and potential backward compatibility issues if older configurations are not supported. 

Comparatively, the historical vulnerability fix (CVE-2018-17187) involved changes to the `createAndInitialiseSslEngine` method, which likely aimed to enhance SSL/TLS connection management, possibly addressing bugs or improving security practices. The historical fix focused on improving the creation and initialization of SSL engines, which could imply better certificate handling or error checking.

While both changes focus on enhancing SSL/TLS security, the current patch specifically targets constructor parameters and peer verification, whereas the historical fix targeted method-level improvements in SSL engine creation and initialization. The current patch does not explicitly mention a bug or vulnerability being fixed but rather focuses on enhancing security configuration and modularity. Therefore, it is not clear from the information provided whether the current patch is directly fixing a known vulnerability."",
 ""vulnerability_fix"": ""no""
}"
525,CVE-2022-31159,"File: aws-java-sdk-glue/src/main/java/com/amazonaws/services/glue/model/JobRun.java, Class: JobRun, Method: withMaxCapacity, Signature: JobRun withMaxCapacity(Double)","```json
{
  ""analysis"": ""The current patch adds a `withMaxCapacity` method to the `JobRun` class, which allows setting the maximum capacity for a job run programmatically. This method mirrors the functionality added in CVE-2022-31159, where `withMaxCapacity` was added to the `StartJobRunRequest` class in AWS Glue. Both changes aim to provide flexibility and control over resource allocation during job execution. However, the current patch does not explicitly mention any security concerns or vulnerabilities being addressed. Instead, it focuses on enhancing configurability and control over job executions. Therefore, based on the information provided, the current patch does not appear to be primarily aimed at fixing a vulnerability but rather at improving the functionality and usability of the AWS Glue service."",
  ""vulnerability_fix"": ""no""
}
```"
160,CVE-2023-35887,"File: sshd-sftp/src/main/java/org/apache/sshd/sftp/server/AbstractSftpSubsystemHelper.java, Class: AbstractSftpSubsystemHelper, Method: getLongName, Signature: String getLongName(Path,String,LinkOption)","{
 ""analysis"": ""The current patch introduces changes to the `getLongName` method by adding a `LinkOption` parameter and modifying the internal logic to handle this new parameter. This change is aimed at enhancing the functionality of the SFTP subsystem by providing more control over how symbolic links are processed. The purpose of the change also mentions maintaining compatibility with newer Java versions and potentially improving security by handling symbolic links more securely. However, there is no explicit mention of fixing a specific vulnerability. Instead, it seems to be a feature enhancement. In contrast, the historical vulnerability fix (CVE-2023-35887) involved refactoring and adjusting parameters in the `resolveReportedFileAttributes` method, with a focus on enhancing attribute handling, performance improvement, and security enhancements. While both patches aim to improve security and functionality, the current patch does not directly address a known vulnerability but rather improves the overall robustness and security of the SFTP subsystem."",
 ""vulnerability_fix"": ""no""
}"
431,CVE-2022-31159,"File: aws-java-sdk-codeartifact/src/main/java/com/amazonaws/services/codeartifact/AbstractAWSCodeArtifact.java, Class: AbstractAWSCodeArtifact, Method: describeDomain, Signature: DescribeDomainResult describeDomain(DescribeDomainRequest)","```json
{
  ""analysis"": ""The current patch does not explicitly mention fixing a vulnerability but focuses on enhancing the method's robustness, usability, and compliance with security and performance standards. The changes include refactoring the method implementation for better readability and maintainability, adding exception handling to manage errors more gracefully, and updating parameter validation to ensure the input meets required criteria. While these enhancements contribute to overall code quality and security, they do not directly reference addressing a known vulnerability. In contrast, the historical vulnerability fix (CVE-2022-31159) specifically mentions modifying the `describeDomainAsync` method to potentially enhance error handling, performance, or add new features related to domain description requests. Although both patches aim at improving the reliability and functionality of the AWS CodeArtifact service, the current patch does not directly address a known vulnerability."",
  ""vulnerability_fix"": ""no""
}
```"
443,CVE-2022-31159,"File: aws-java-sdk-codeartifact/src/main/java/com/amazonaws/services/codeartifact/model/CopyPackageVersionsRequest.java, Class: CopyPackageVersionsRequest, Method: withSourceRepository, Signature: CopyPackageVersionsRequest withSourceRepository(String)","{
 ""analysis"": ""The current patch introduces a new method `withSourceRepository` to the class `CopyPackageVersionsRequest`. This method allows users to specify the source repository when copying package versions. The purpose of this change is to enhance the flexibility and configurability of the `CopyPackageVersionsRequest` object. Similar to the historical vulnerability fix (CVE-2022-31159), which introduced the `withVersions` method to allow setting package versions more conveniently, the current patch aims to add another configurable aspect to the class. However, unlike the historical fix which aimed to address a specific issue (potentially a vulnerability), there is no explicit indication that the `withSourceRepository` method is intended to fix a vulnerability. Instead, it seems to be an enhancement to support additional configuration options. Therefore, based on the provided information, the current patch does not appear to be specifically designed to fix a vulnerability."",
 ""vulnerability_fix"": ""no""
}"
694,CVE-2022-24891,"File: src/main/java/org/owasp/esapi/reference/DefaultValidator.java, Class: DefaultValidator, Method: getValidDouble, Signature: Double getValidDouble(String,String,double,double,boolean,ValidationErrorList)","```json
{
 ""analysis"": ""The current patch introduces an additional parameter `ValidationErrorList` to the `getValidDouble` method within the `DefaultValidator` class. This modification appears to enhance the validation process by providing a structured way to handle and report validation errors. Similar to the historical vulnerability fix (CVE-2022-24891), which involved modifying the `getValidInput` method to improve validation logic, the current patch seems to aim at enhancing validation to prevent potential issues like injection attacks. However, without the exact code changes, it's challenging to definitively state if this is a direct vulnerability fix. The addition of `ValidationErrorList` suggests an effort towards better error handling and security, which aligns with the goal of the historical fix."",
 ""vulnerability_fix"": ""yes""
}
```"
481,CVE-2022-31159,"File: aws-java-sdk-codeartifact/src/main/java/com/amazonaws/services/codeartifact/model/PackageVersionDescription.java, Class: PackageVersionDescription, Method: equals, Signature: boolean equals(Object)","```json
{
  ""analysis"": ""The current patch introduces or modifies the `equals` method in the `PackageVersionDescription` class. The primary purpose appears to be ensuring consistent equality checks between instances of this class. This change is important for maintaining data integrity and correctness, especially in contexts where these objects are used in collections or other constructs that rely on accurate equality checks. However, the provided information does not explicitly indicate that this change addresses a known vulnerability. Instead, it focuses on improving the equality check mechanism, which is a best practice but not necessarily a vulnerability fix.\n\nIn comparison, the historical vulnerability fix (CVE-2022-31159) involved modifying the `hashCode` method to ensure consistent hash code generation. While both changes aim to enhance the reliability and consistency of the class, they target different aspects: equality checks versus hash code generation. The `hashCode` modification could have addressed a specific vulnerability related to inconsistent hash codes, leading to issues such as incorrect behavior in hash-based collections.\n\nGiven the context, the current patch does not appear to be directly addressing a known vulnerability. Rather, it seems to be a proactive measure to improve the equality check mechanism."",
  ""vulnerability_fix"": ""no""
}
```"
496,CVE-2022-31159,"File: aws-java-sdk-codeartifact/src/main/java/com/amazonaws/services/codeartifact/model/transform/PackageVersionDescriptionMarshaller.java, Class: PackageVersionDescriptionMarshaller, Method: marshall, Signature: void marshall(PackageVersionDescription,ProtocolMarshaller)","{
 ""analysis"": ""The current patch, as described, does not contain specific changes within the method `marshall`. It only provides the method signature, which suggests that it is part of the AWS SDK for Java, specifically for the `CodeArtifact` service. Given the lack of concrete details about changes made, we cannot definitively determine if this patch is intended to fix a vulnerability. However, based on the general understanding of the method's purpose, it is involved in the serialization of `PackageVersionDescription` objects, which is crucial for communication and data exchange with AWS services. The historical vulnerability fix (CVE-2022-31159) appears to have addressed issues related to the serialization and deserialization of `PackageVersionSummary` objects, which shares some conceptual similarity with the current method but lacks specific details about the nature of the fix. Without further specifics, it is challenging to draw direct parallels between the two."",
 ""vulnerability_fix"": ""no""
}"
1103,CVE-2023-32070,"File: xwiki-rendering-macros/xwiki-rendering-macro-html/src/main/java/org/xwiki/rendering/internal/macro/html/renderers/annotatedxhtml/HTMLMacroAnnotatedXHTMLRenderer.java, Class: HTMLMacroAnnotatedXHTMLRenderer, Method: getSyntaxRenderer, Signature: AbstractChainingPrintRenderer getSyntaxRenderer()","{
 ""analysis"": ""The current patch and the historical vulnerability fix both involve changes to the `getSyntaxRenderer` method within the `HTMLMacroXHTMLRenderer` class. Both scenarios appear to focus on enhancing the way syntax renderers are selected or instantiated, potentially to improve flexibility, performance, or compatibility. However, without specific details about the changes made in the current patch, it's challenging to definitively determine if the patch is addressing a known vulnerability. The historical vulnerability (CVE-2023-32070) suggests that there were issues related to the rendering process that needed fixing, but the current patch does not explicitly mention a vulnerability fix. Therefore, while the changes seem similar in nature, the current patch could be an enhancement rather than a direct fix for a known vulnerability."",
 ""vulnerability_fix"": ""no""
}"
410,CVE-2023-22832,"File: nifi-nar-bundles/nifi-ccda-bundle/nifi-ccda-processors/src/test/java/org/apache/nifi/processors/ccda/TestExtractCCDAAttributes.java, Class: TestExtractCCDAAttributes, Method: testProcessor, Signature: void testProcessor()","{
 ""analysis"": ""The current patch under analysis does not directly address a known vulnerability but rather aims to improve the test coverage and reliability of the `ExtractCCDAAttributes` processor. The hypothetical changes include adding or modifying assertions, updating mock behavior, and enhancing logging within the `testProcessor` method. These changes are geared towards ensuring the processor functions correctly across various scenarios and edge cases, thereby increasing confidence in its reliability. 

In comparison, the historical vulnerability fix (CVE-2023-22832) involves setting up the test environment properly in a `setup()` method to initialize resources and configurations necessary for testing. While both patches aim to enhance the robustness of the test suite, the current patch focuses more on the functional correctness and coverage of the processor itself, rather than addressing a specific security vulnerability.

Given this, the current patch is not aimed at fixing a known vulnerability. Instead, it is focused on improving the quality and reliability of the tests, which indirectly contributes to the overall security posture by ensuring that the processor behaves as expected."",
 ""vulnerability_fix"": ""no""
}"
473,CVE-2022-31159,"File: aws-java-sdk-codeartifact/src/main/java/com/amazonaws/services/codeartifact/model/ListPackageVersionsRequest.java, Class: ListPackageVersionsRequest, Method: equals, Signature: boolean equals(Object)","{
 ""analysis"": ""The current patch involves implementing or updating the `equals` method in the `ListPackageVersionsRequest` class. The purpose of this change is to ensure proper comparison logic, which is essential for accurate object comparison. This change enhances the reliability and consistency of the AWS SDK by adhering to the contract defined by the `Object` class. In contrast, the historical vulnerability fix (CVE-2022-31159) involved adding a `toString` method to provide a readable string representation of the `ListPackageVersionsRequest` object. While both changes aim to improve the usability and reliability of the class, the `equals` method directly impacts how objects are compared, whereas the `toString` method aids in debugging and inspection. There is no indication that the `equals` method implementation or modification is specifically addressing a security vulnerability."",
 ""vulnerability_fix"": ""no""
}"
936,CVE-2023-2422,"File: testsuite/integration-arquillian/tests/base/src/test/java/org/keycloak/testsuite/client/FAPICIBATest.java, Class: FAPICIBATest, Method: testFAPICIBAWithoutSignedAuthenticationRequest, Signature: void testFAPICIBAWithoutSignedAuthenticationRequest(ClientRepresentation)","{
 ""analysis"": ""The current patch modifies the `testFAPICIBAWithoutSignedAuthenticationRequest` method within the `FAPICIBATest` class. Its primary purpose is to update the test case to ensure that the client authentication process works correctly without a signed authentication request. This suggests an intention to validate the system's behavior under less secure conditions. Comparing this with the historical vulnerability fix CVE-2023-2422, which introduced a new test case (`testFAPICIBALoginWithMTLS`) to verify the secure authentication process using Mutual TLS, we see a similar approach in enhancing test coverage but for different scenarios—one for secure authentication and the other for unsecured authentication. While the current patch does not directly address a known vulnerability like the historical fix did, it could be part of broader efforts to ensure robustness under various security conditions. However, without explicit evidence indicating a security issue being fixed, it is more aligned with improving test coverage for unsecured authentication scenarios."",
 ""vulnerability_fix"": ""no""
}"
407,CVE-2022-22931,"File: server/data/data-file/src/test/java/org/apache/james/sieverepository/file/SieveFileRepositoryTest.java, Class: SieveFileRepositoryTest, Method: getScriptShouldNotAllowToReadScriptsOfOtherUsers, Signature: void getScriptShouldNotAllowToReadScriptsOfOtherUsers()","{
 ""analysis"": ""The current patch aims to enhance the security of the SieveFileRepository by ensuring that users cannot access scripts belonging to other users. This is achieved through the method `getScriptShouldNotAllowToReadScriptsOfOtherUsers`, which tests the unauthorized access prevention mechanism. The purpose of this change is clearly defined in the three aspects analysis as enforcing security measures to prevent unauthorized script access, improving overall security and privacy, and maintaining the integrity of user-specific configurations. This aligns with the general goal of addressing security concerns and preventing cross-user data leakage. Comparing this with the historical vulnerability fix (CVE-2021-30181), we observe that both aim to improve security-related functionalities. However, the historical fix involves refactoring or modifying the `ScriptRouter` class to handle script-based routing logic more effectively, which is different from the current patch’s focus on preventing unauthorized access to user-specific scripts. The current patch does not involve changes to method signatures or performance improvements but rather focuses on securing user data. Therefore, the current patch is primarily focused on enhancing security rather than fixing a specific known vulnerability."",
 ""vulnerability_fix"": ""yes""
}"
73,CVE-2023-51770,"File: dolphinscheduler-datasource-plugin/dolphinscheduler-datasource-mysql/src/main/java/org/apache/dolphinscheduler/plugin/datasource/mysql/param/MySQLDataSourceProcessor.java, Class: MySQLDataSourceProcessor, Method: getConnection, Signature: Connection getConnection(ConnectionParam)","```json
{
  ""analysis"": ""The current patch introduces additional validation checks and improves exception handling within the `getConnection` method of the `MySQLDataSourceProcessor` class. These changes are aimed at enhancing security by ensuring that only valid connection parameters are used, thereby reducing the risk of unauthorized access to the database. Additionally, the improved exception handling provides more detailed error messages, which can aid in faster debugging and resolution of issues during development and production. While these changes contribute to overall system robustness, they do not directly reference a known vulnerability or explicitly state that they are addressing a specific vulnerability like CVE-2023-34468. However, the enhancements in validation and error handling can indirectly mitigate certain types of vulnerabilities, such as those arising from improper input validation or inadequate error handling."",
  ""vulnerability_fix"": ""no""
}
```"
292,CVE-2016-5394,"File: src/main/java/org/apache/sling/xss/impl/XSSFilterImpl.java, Class: XSSFilterImpl, Method: getFilterRule, Signature: XSSFilterRule getFilterRule(ProtectionContext)","```json
{
  ""analysis"": ""The current patch and the historical vulnerability fix both involve modifications to the `getFilterRule` method in the `XSSFilterImpl` class. The historical vulnerability fix (CVE-2016-6798) indicates a modification aimed at enhancing security by incorporating a new `ProtectionContext` parameter, which likely improved the method's ability to tailor XSS protection rules based on context. The current patch also mentions changes that could include updating the method signature, modifying internal logic, and adding exception handling. These changes suggest a focus on improving security, performance, and flexibility, similar to the historical fix.\n\nWhile the exact details of the current patch are not provided, the nature of the changes aligns with the goal of enhancing security by making the method more context-aware and robust. This suggests that the current patch could indeed be intended to fix a vulnerability or enhance the security mechanism to prevent potential XSS attacks. However, without concrete code changes, it is difficult to definitively confirm if this is a direct fix for a known vulnerability."",
  ""vulnerability_fix"": ""yes""
}
```"
69,CVE-2023-49109,"File: dolphinscheduler-api/src/test/java/org/apache/dolphinscheduler/api/service/K8SNamespaceServiceTest.java, Class: K8SNamespaceServiceTest, Method: setUp, Signature: void setUp()","{
 ""analysis"": ""The provided patch content and historical vulnerability fix information do not explicitly show any changes or fixes. However, based on the context and typical practices in software development, we can infer the following:\n\n1. The `setUp` method in `K8SNamespaceServiceTest` is likely used to prepare the testing environment, including initializing resources, setting up mock objects, and configuring dependencies necessary for testing the `K8SNamespaceService`. There is no explicit indication that this method was changed to fix a vulnerability.\n\n2. The historical vulnerability fix mentioned (CVE-2023-49109) seems to involve adding a new test method `createK8sNamespace` to ensure the functionality for creating Kubernetes namespaces works correctly. This appears to be an enhancement aimed at increasing test coverage rather than fixing a specific vulnerability.\n\n3. While the `setUp` method might indirectly contribute to enhancing the reliability of tests by ensuring consistent test environments, there is no clear evidence that it directly addresses a security vulnerability.\n\nTherefore, based on the information provided, it is not evident that the current patch is specifically intended to fix a vulnerability."",
 ""vulnerability_fix"": ""no""
}"
850,CVE-2022-25173,"File: src/main/java/org/jenkinsci/plugins/workflow/cps/CpsScmFlowDefinition.java, Class: CpsScmFlowDefinition, Method: create, Signature: CpsFlowExecution create(FlowExecutionOwner,TaskListener,List)","```json
{
  ""analysis"": ""The current patch introduces a new method `create` in the `CpsScmFlowDefinition` class that takes `FlowExecutionOwner`, `TaskListener`, and `List` as parameters and returns an instance of `CpsFlowExecution`. This appears to be an enhancement aimed at improving the configurability and integration with task listeners rather than a direct response to a security vulnerability. On the other hand, the historical vulnerability fix (CVE-2022-25173) involved modifying the constructor signature of `CpsScmFlowDefinition`, which could have been a part of addressing a bug or ensuring backward compatibility. While both changes involve altering method signatures, the current patch seems to focus on enhancing functionality rather than fixing a known vulnerability."",
  ""vulnerability_fix"": ""no""
}
```"
224,CVE-2011-4367,"File: impl/src/main/java/org/apache/myfaces/application/ResourceHandlerImpl.java, Class: ResourceHandlerImpl, Method: createResource, Signature: Resource createResource(String,String,String)","{
 ""analysis"": ""The current patch modifies the `createResource` method in the `ResourceHandlerImpl` class by adding new parameters. This change is aimed at enhancing the functionality of resource creation, potentially allowing for more specific resource types or configurations. The historical vulnerability fix introduced a new method `onlineCreateResource` in the `ResourcesServiceImpl` class, which adds new parameters to handle different types of resources programmatically. Both patches involve extending the functionality of resource handling methods, but the current patch does not explicitly indicate that it addresses a security vulnerability. Instead, it seems to focus on providing more granular control over resource creation. Therefore, while both patches enhance functionality, there is no clear indication that the current patch is specifically designed to fix a vulnerability."",
 ""vulnerability_fix"": ""no""
}"
700,CVE-2022-24891,"File: src/main/java/org/owasp/esapi/reference/DefaultValidator.java, Class: DefaultValidator, Method: getValidPrintable, Signature: String getValidPrintable(String,String,int,boolean)","{
 ""analysis"": ""The current patch introduces a new boolean parameter `ignoreWhitespace` to the `getValidPrintable` method, enhancing the flexibility of the validation process. It also improves documentation to clarify the method's behavior with respect to this new parameter. The primary goal appears to be providing users with more control over the validation logic, particularly concerning the inclusion or exclusion of whitespace characters. This change is aimed at improving usability and adaptability rather than directly addressing a known vulnerability. However, the enhanced validation logic might indirectly contribute to improved security by offering more granular control over input sanitization.

In contrast, the historical vulnerability fix (CVE-2022-24891) seems to focus on adding input validation, updating exception handling, and enhancing logging to improve security, data integrity, and debugging capabilities. These changes were likely aimed at mitigating specific security vulnerabilities such as injection attacks.

While both changes aim to enhance the method's functionality and security, the current patch does not appear to be directly addressing a known vulnerability but rather enhancing the method's flexibility and usability. The historical fix, however, explicitly addresses security concerns through rigorous input validation and error handling.

Given these points, the current patch primarily focuses on improving usability and adaptability rather than directly fixing a known vulnerability."",
 ""vulnerability_fix"": ""no""
}"
1024,CVE-2020-5405,"File: spring-cloud-config-server/src/main/java/org/springframework/cloud/config/server/resource/ResourceController.java, Class: ResourceController, Method: resolveName, Signature: String resolveName(String)","```json
{
 ""analysis"": ""The current patch modifies the `resolveName` method within the `ResourceController` class to handle name resolution differently. Based on the provided information, the primary focus appears to be on improving the robustness of name resolution, possibly through enhanced validation or performance optimizations. The method signature remains unchanged, suggesting no new parameters are introduced. This mirrors some aspects of the historical vulnerability fix (CVE-2016-9177) where the `getResource` method was refactored to include additional validation and exception handling to increase robustness and improve usability. However, without the exact code changes, it's challenging to definitively conclude if the current patch addresses a specific vulnerability. The current patch seems more focused on improving the functionality and stability of the `resolveName` method rather than directly addressing a known vulnerability."",
 ""vulnerability_fix"": ""no""
}
```"
332,CVE-2022-32287,"File: uimaj-core/src/main/java/org/apache/uima/pear/util/FileUtil.java, Class: FileUtil, Method: createDirList, Signature: Collection createDirList(JarFile)","```json
{
 ""analysis"": ""The current patch updates the method `createDirList` in the `FileUtil` class by adding a `JarFile` parameter and changing the return type to `Collection`. The purpose appears to be enhancing the functionality of the method to process directory listings within jar files, which aligns with improved flexibility and integration with other parts of the system. This change is similar to the historical vulnerability fix in CVE-2022-32287, where a method `createFileList` was added or modified to handle file listings from JAR files. However, the current patch specifically targets directory listings, not file listings. There is no explicit indication that the current patch is addressing a security vulnerability. Instead, it seems to be an enhancement to support new features or better integration."",
 ""vulnerability_fix"": ""no""
}
```"
994,CVE-2018-9159,"File: src/main/java/spark/resource/ClassPathResource.java, Class: ClassPathResource, Method: getInputStream, Signature: InputStream getInputStream()","{
 ""analysis"": ""The current patch aims to enhance the robustness, debugging capabilities, and performance of the `getInputStream` method within the `ClassPathResource` class. It modifies the method to handle exceptions more gracefully, adds logging for tracing the method's usage, and refactors the method to reduce redundant file system checks. These changes are primarily focused on improving the stability and performance of the method, rather than addressing a specific security vulnerability. 

In contrast, the historical vulnerability fix (CVE-2023-24057) appears to have introduced parameters to the `readStream` method, likely to increase flexibility and functionality. This included handling different types of streams and toggling validation logic, which suggests an enhancement aimed at broadening the method's use cases and improving error handling. 

While both changes aim to improve the method's reliability and functionality, the current patch does not directly address a known vulnerability but rather focuses on internal enhancements. The historical fix, however, explicitly mentions a CVE, indicating a direct response to a reported vulnerability."",
 ""vulnerability_fix"": ""no""
}"
31,CVE-2018-11775,"File: activemq-unit-tests/src/test/java/org/apache/activemq/transport/nio/NIOSSLBasicTest.java, Class: NIOSSLBasicTest, Method: basicConnector, Signature: void basicConnector()","{
 ""analysis"": ""The current patch, which introduces a `basicConnector` method within the `NIOSSLBasicTest` class, appears to be focused on enhancing test coverage and improving the stability of SSL connection tests. It does not explicitly mention fixing a known vulnerability but rather aims at strengthening security testing practices and ensuring that SSL connections are handled correctly under various conditions. The purpose of the change seems aligned with improving the robustness and reliability of the SSL-based transport tests, which indirectly contributes to the overall security posture of the system. However, without explicit details of the changes, it's challenging to definitively conclude if it addresses a specific vulnerability. The historical vulnerability fix mentioned (CVE-2018-11775) was related to the `basicSendReceive` method and involved adding a parameter to enhance test customization and coverage, which differs from the current `basicConnector` method's focus."",
 ""vulnerability_fix"": ""no""
}"
949,CVE-2016-10006,"File: src/test/java/org/owasp/validator/html/test/AntiSamyTest.java, Class: AntiSamyTest, Method: testIssue2, Signature: void testIssue2()","{
 ""analysis"": ""The current patch in the `AntiSamyTest` class, specifically within the `testIssue2()` method, appears to be aimed at enhancing the reliability and robustness of the test case. Based on the three aspect analysis provided, the changes could involve refactoring the test case for clarity, updating assertions to reflect new expected outcomes, or removing redundant code. These changes are primarily focused on improving the test coverage and stability rather than directly addressing a known vulnerability. However, they contribute to ensuring that the AntiSamy library handles specific edge cases correctly.

In comparison, the historical vulnerability fix (CVE-2022-28367) involved updating the `testGithubIssue151` method to add more assertions, expand test data, and possibly add logging. This fix was specifically targeted at enhancing the robustness of the AntiSamy library by addressing a particular issue reported in GitHub (issue #151). The implications included better handling of specific HTML content and increased test coverage to prevent future regressions.

While both patches aim to improve the reliability and robustness of the AntiSamy library, the current patch does not explicitly mention addressing a known vulnerability. Instead, it seems to focus on refining the test case for Issue 2. Therefore, the current patch is more about enhancing the quality of the test suite rather than fixing a specific vulnerability."",
 ""vulnerability_fix"": ""no""
}"
439,CVE-2022-31159,"File: aws-java-sdk-codeartifact/src/main/java/com/amazonaws/services/codeartifact/model/CopyPackageVersionsRequest.java, Class: CopyPackageVersionsRequest, Method: withFormat, Signature: CopyPackageVersionsRequest withFormat(PackageFormat)","{
 ""analysis"": ""The current patch introduces a new method `withFormat` to the class `CopyPackageVersionsRequest`. The purpose of this method is to allow users to set the package format when copying package versions, which enhances the flexibility and configurability of the class. This change is similar to the historical vulnerability fix CVE-2022-31159, where the method `withVersions` was introduced to allow setting package versions when copying them. Both changes aim to provide additional configuration options and enhance the usability of the `CopyPackageVersionsRequest` class. However, there is no clear indication from the provided information that the current patch is specifically intended to fix a vulnerability. Instead, it appears to be an enhancement aimed at improving the functionality of the class."",
 ""vulnerability_fix"": ""no""
}"
598,CVE-2022-46166,"File: spring-boot-admin-server/src/main/java/de/codecentric/boot/admin/server/notify/TelegramNotifier.java, Class: TelegramNotifier, Method: getText, Signature: String getText(InstanceEvent,Instance)","{
 ""analysis"": ""The current patch modifies the `getText` method within the `TelegramNotifier` class, aiming to improve or modify how notification messages are generated for Telegram notifications. The primary focus appears to be on enhancing the content and possibly the format of the notifications. This aligns with the purpose of the historical vulnerability fix, which aimed to improve the readability, maintainability, and informativeness of the notifications through similar modifications to a `getText` method in another notifier (SlackNotifier).

However, there are key differences between the two patches. The historical vulnerability fix was explicitly aimed at addressing CVE-2022-46166, which implies it was fixing a specific security vulnerability. The current patch does not mention any CVE or security-related issue directly, suggesting it is more focused on functional enhancements rather than security fixes. 

The implications of the current patch include possible changes in how notifications are displayed or handled, as well as potential performance impacts if the method introduces additional processing steps. While these changes can indirectly affect security by improving system stability and user experience, they do not appear to address a known vulnerability directly.

In conclusion, while both patches involve similar code modifications to enhance the `getText` method, the current patch seems to be primarily aimed at functional improvements rather than fixing a specific vulnerability."",
 ""vulnerability_fix"": ""no""
}"
542,CVE-2022-31159,"File: aws-java-sdk-glue/src/main/java/com/amazonaws/services/glue/model/StartJobRunRequest.java, Class: StartJobRunRequest, Method: getWorkerType, Signature: String getWorkerType()","{
 ""analysis"": ""The current patch does not appear to be intended to fix a vulnerability. The 'getWorkerType' method in the 'StartJobRunRequest' class has no changes in its signature or implementation as per the provided information. Similarly, the historical vulnerability fix (CVE-2022-31159) also does not show any changes in the 'getNumberOfWorkers' method of the 'JobRun' class. Both patches indicate no actual code changes, only specifying the method signatures. This suggests that neither patch is aimed at fixing a vulnerability but rather maintaining the method signatures or possibly documenting updates."",
 ""vulnerability_fix"": ""no""
}"
976,CVE-2016-9177,"File: src/main/java/spark/staticfiles/StaticFilesConfiguration.java, Class: StaticFilesConfiguration, Method: configure, Signature: void configure(String)","{
 ""analysis"": ""The current patch modifies the `configure` method in the `StaticFilesConfiguration` class to accept a `String` parameter, likely for dynamic configuration settings. The purpose of this change appears to be introducing flexibility in managing static file configurations at runtime. There is no explicit indication that this patch is addressing a security vulnerability. Instead, it seems to be an enhancement aimed at providing more flexibility and adaptability to different environments or custom configurations.

In contrast, the historical vulnerability fix (CVE-2019-17640) involves refactoring method logic for performance improvement, adding exception handling for graceful error management, and updating dependencies to benefit from bug fixes and performance enhancements. These changes were clearly aimed at improving the overall robustness and performance of the system, including handling errors more gracefully and ensuring compatibility with newer dependency versions.

While both patches introduce changes to methods handling file-related operations, the current patch does not exhibit the same characteristics of addressing a specific security vulnerability as seen in the historical fix."",
 ""vulnerability_fix"": ""no""
}"
81,CVE-2021-30180,"File: dubbo-cluster/src/main/java/org/apache/dubbo/rpc/cluster/configurator/parser/ConfigParser.java, Class: ConfigParser, Method: parseJsonArray, Signature: List parseJsonArray(String)","{
 ""analysis"": ""The current patch introduces a new method `parseJsonArray` in the `ConfigParser` class designed to convert a JSON array string into a list of objects. Its primary purpose is to enhance the configurator's ability to handle JSON input for dynamic configuration management, thereby improving the flexibility and adaptability of the configuration system. 

In contrast, the historical vulnerability fix (CVE-2021-30180) involved modifications to the `parseObject` method within the same class, which aimed to enhance parsing logic, possibly including better error handling, improved performance, or support for new configurations. The implications of this change included impacts on how configuration data is processed and utilized within the Dubbo framework, requiring updates to existing tests or additional testing to ensure backward compatibility.

While both patches aim to improve the handling of configuration data, the current patch does not appear to address a known vulnerability directly. Instead, it focuses on adding new functionality for parsing JSON arrays. However, there is a possibility that the new functionality could introduce new vulnerabilities if not properly tested, especially around edge cases and performance issues when dealing with large JSON arrays.

Given the information provided, the current patch seems more focused on feature enhancement rather than vulnerability mitigation."",
 ""vulnerability_fix"": ""no""
}"
1030,CVE-2022-22947,"File: spring-cloud-gateway-server/src/main/java/org/springframework/cloud/gateway/support/ShortcutConfigurable.java, Class: GatewayEvaluationContext, Method: getConstructorResolvers, Signature: List getConstructorResolvers()","{
 ""analysis"": ""The current patch modifies the method `getConstructorResolvers` in the class `GatewayEvaluationContext`. The hypothetical changes include updates to the method signature, implementation changes, or documentation updates. In contrast, the historical vulnerability fix CVE-2022-22947 addresses a method `testNormalizeDefaultTypeWithSpelAndInvalidInputFails`, which validates that normalization of default types using SpEL fails when invalid input is provided. This historical fix aims to enhance the robustness of the Spring Cloud Gateway by ensuring graceful handling of invalid input scenarios.

The current patch's modifications do not directly address input validation or error handling for invalid input scenarios, as seen in CVE-2022-22947. Instead, it focuses on changes to constructor resolvers, which are more related to dependency injection and object creation rather than input validation. While the current patch could indirectly contribute to system stability by improving the way constructors are resolved, it does not appear to be specifically designed to fix a vulnerability related to invalid input handling.

Based on the information provided, the current patch does not seem to be explicitly aimed at fixing a known vulnerability. It appears to be focused on enhancing functionality or performance related to constructor resolution within the `GatewayEvaluationContext`."",
 ""vulnerability_fix"": ""no""
}"
960,CVE-2022-29577,"File: src/test/java/org/owasp/validator/html/test/AntiSamyTest.java, Class: AntiSamyTest, Method: testSmuggledTagsInStyleContent, Signature: void testSmuggledTagsInStyleContent()","```json
{
 ""analysis"": ""The current patch adds a new test method `testSmuggledTagsInStyleContent` to the class `AntiSamyTest`. The purpose of this method is to enhance the testing suite for AntiSamy by specifically testing the handling of HTML tags that might be smuggled into CSS content. This addition aims to ensure that the security library can detect and sanitize such tags, thereby preventing XSS attacks. However, this patch does not appear to directly modify the core functionality or logic of the AntiSamy library but rather enhances the test coverage for an edge case. 

Comparing this with the historical vulnerability fix CVE-2022-29577, which seems to have modified the `processStyleTag` method within the `AntiSamyDOMScanner` class to improve security by better validating inline styles, we observe that both patches are related to improving the handling of CSS content to prevent XSS attacks. However, the current patch is focused on adding a test rather than modifying the core processing logic. Therefore, while both patches aim to enhance security, the current patch is more about ensuring comprehensive test coverage rather than directly addressing a known vulnerability."", 
 ""vulnerability_fix"": ""no""
}
```"
927,CVE-2022-4361,"File: services/src/main/java/org/keycloak/protocol/oidc/utils/RedirectUtils.java, Class: RedirectUtils, Method: matchesRedirects, Signature: boolean matchesRedirects(Set,String,boolean)","```json
{
  ""analysis"": ""The current patch modifies the `matchesRedirects` method in the `RedirectUtils` class to improve the validation logic for redirect URIs. This change aims to tighten the validation rules to prevent potential security vulnerabilities such as open redirects. The purpose aligns with the historical vulnerability fix CVE-2022-4361, which also focused on enhancing the validation process of redirect URIs to mitigate similar risks. Both patches emphasize enhanced security measures and aim to reduce the risk of unauthorized redirection attacks. However, the current patch specifically targets the `matchesRedirects` method, whereas the historical fix might have involved a different method like `verifyRedirectUri`. Despite these differences, both patches share a common goal of securing redirect URI handling."",
  ""vulnerability_fix"": ""yes""
}
```"
924,CVE-2022-4137,"File: testsuite/integration-arquillian/tests/base/src/test/java/org/keycloak/testsuite/oauth/AuthorizationCodeTest.java, Class: AuthorizationCodeTest, Method: authorizationRequestInstalledApp, Signature: void authorizationRequestInstalledApp()","{
 ""analysis"": ""The current patch modifies the `authorizationRequestInstalledApp` method within the `AuthorizationCodeTest` class, which is likely aimed at testing or enhancing the OAuth authorization code flow for installed applications. The historical vulnerability fix involved modifying the `authorizationRequestFragmentResponseModeNotKept` method to ensure that the fragment response mode is not retained in the authorization request, which impacts the testing and handling of response modes in OAuth authorization requests. While both patches are related to OAuth authorization code flow and involve changes in test methods, the current patch does not explicitly indicate any security-related changes. Instead, it seems focused on testing aspects of the authorization request process for installed applications."",
 ""vulnerability_fix"": ""no""
}"
637,CVE-2018-17297,"File: hutool-core/src/main/java/cn/hutool/core/io/FileUtil.java, Class: FileUtil, Method: file, Signature: File file(File,String...)","```json
{
 ""analysis"": ""The current patch modifies the 'file' method within the 'FileUtil' class to accept a 'File' object and variable arguments of type 'String'. This appears to be an enhancement aimed at providing more flexible file handling capabilities. Based on the three aspect analysis, the historical vulnerability fix (CVE-2018-17297) also involved adding or modifying a method in the 'FileUtil' class to handle multiple file paths more flexibly. While both changes aim to enhance file handling functionality, the historical fix specifically mentions the addition or modification of a method that handles multiple file paths, which could imply addressing a security issue related to improper file path handling or validation. However, without the specific code changes for the current patch, it is difficult to conclusively determine if it is a vulnerability fix. The current patch seems more focused on expanding functionality rather than fixing a known vulnerability."",
 ""vulnerability_fix"": ""no""
}
```"
612,CVE-2017-1000487,"File: src/main/java/org/codehaus/plexus/util/cli/Commandline.java, Class: Commandline, Method: translateCommandline, Signature: String translateCommandline(String)","```json
{
  ""analysis"": ""The current patch's description does not provide specific code changes, making it challenging to definitively determine if it is intended to fix a vulnerability. However, based on the three aspect analysis provided, there are several potential scenarios where the `translateCommandline` method might have been modified. These scenarios include refactoring for improved readability, fixing a bug, optimizing performance, or adding support for new features. Without concrete code changes, it's difficult to ascertain if these modifications directly address a security vulnerability. The historical vulnerability fix (CVE-2017-1000487) involved adding a test case to ensure proper handling of paths with quotation marks, suggesting an effort to improve robustness against specific edge cases. If the current patch includes similar improvements in handling edge cases or adding robustness checks, it could potentially be addressing a vulnerability."",
  ""vulnerability_fix"": ""unclear""
}
```"
233,CVE-2011-4367,"File: shared/src/test/java/org/apache/myfaces/shared/resource/ResourceValidationUtilsTest.java, Class: ResourceValidationUtilsTest, Method: testResourceNames, Signature: void testResourceNames()","```json
{
 ""analysis"": ""The current patch focuses on enhancing the test case `testResourceNames` within the `ResourceValidationUtilsTest` class. Its primary objective is to ensure the correctness and robustness of resource name validation. While it shares some similarities with the historical vulnerability fix (CVE-2011-4367) in terms of validating components of resource management (resource/library names), there is no explicit indication that this patch directly addresses a known vulnerability. Instead, it appears to be an enhancement aimed at improving the test coverage and reliability of resource name validation. Therefore, while the intent behind both patches is to improve the system's robustness, the current patch does not seem to be a direct response to a specific vulnerability."",
 ""vulnerability_fix"": ""no""
}
```"
475,CVE-2022-31159,"File: aws-java-sdk-codeartifact/src/main/java/com/amazonaws/services/codeartifact/model/ListPackageVersionsResult.java, Class: ListPackageVersionsResult, Method: setNamespace, Signature: void setNamespace(String)","{
 ""analysis"": ""The current patch introduces a new method `setNamespace` in the `ListPackageVersionsResult` class, which allows setting the namespace for package versions. This method has a void return type and accepts a single String parameter named `namespace`. The purpose of this change is to enhance the AWS Java SDK for CodeArtifact by providing a way to specify the namespace when listing package versions, thereby giving users more control over how they manage and retrieve package versions within their namespaces. The implications of this change include expanded API capabilities, maintaining backward compatibility, and requiring new unit tests to ensure the method works correctly without introducing regressions. Comparing this with the historical vulnerability fix (CVE-2022-31159), which also introduced a similar method `setNamespace` to the `ListPackageVersionAssetsRequest` class, there are clear similarities in purpose and implementation. However, the current patch is targeting a different class (`ListPackageVersionsResult` vs `ListPackageVersionAssetsRequest`). There is no explicit indication that the current patch is fixing a vulnerability; rather, it appears to be enhancing the API's functionality. Therefore, based on the provided information, this patch does not seem to be a direct vulnerability fix but an enhancement."",
 ""vulnerability_fix"": ""no""
}"
907,CVE-2022-3782,"File: services/src/main/java/org/keycloak/services/resources/SessionCodeChecks.java, Class: SessionCodeChecks, Method: initialVerifyAuthSession, Signature: AuthenticationSessionModel initialVerifyAuthSession()","```json
{
  ""analysis"": ""The current patch focuses on improving the security of the `initialVerifyAuthSession` method by refactoring the verification logic, enhancing security checks, and improving parameter handling. These changes aim to make the authentication process more secure and maintainable. While the changes do not directly add a new method like in the historical vulnerability fix, they contribute to preventing potential security vulnerabilities by ensuring robust validation and thorough checks on input parameters. The enhancements in the current patch align with common security best practices and are likely aimed at addressing potential security weaknesses, though without explicit evidence of a known vulnerability being fixed, we cannot definitively label it as a vulnerability fix."",
  ""vulnerability_fix"": ""no""
}
```"
353,CVE-2022-42889,"File: src/main/java/org/apache/commons/text/lookup/StringLookupFactory.java, Class: StringLookupFactory, Method: interpolatorStringLookup, Signature: StringLookup interpolatorStringLookup()","{
 ""analysis"": ""The current patch modifies the `interpolatorStringLookup` method in the `StringLookupFactory` class, which is part of the Apache Commons Text library. The purpose of the change is to update the implementation logic within this method. Based on the three aspects analysis, it mentions the possibility of enhancing functionality, fixing a bug, or improving performance related to string interpolation. However, there is no explicit mention of addressing a known security issue or vulnerability. 

In comparison, the historical vulnerability fix (CVE-2022-42889) involved modifying the `lookup` method within the `InterpolatorStringLookup` class to enhance functionality, fix bugs, or improve performance related to string interpolation. Although both patches aim to improve string interpolation, the current patch does not explicitly indicate it is addressing a known security vulnerability like the historical one did.

Given the information provided, the current patch seems more focused on internal enhancements rather than directly addressing a security vulnerability."",
 ""vulnerability_fix"": ""no""
}"
908,CVE-2022-3782,"File: testsuite/integration-arquillian/tests/base/src/test/java/org/keycloak/testsuite/oauth/OAuthRedirectUriTest.java, Class: OAuthRedirectUriTest, Method: testWildcard, Signature: void testWildcard()","{
 ""analysis"": ""The current patch modifies the `testWildcard` method within the `OAuthRedirectUriTest` class, which appears to be related to testing the handling of wildcard characters in OAuth redirect URis. The purpose of this change is to improve or fix the handling of these wildcards in the context of integration tests. The historical vulnerability fix, CVE-2022-4361, involved modifying the `validateRedirectUriWildcard` method in the `RedirectUtils` class to improve the validation logic for redirect URIs using wildcards. This suggests an effort to either tighten security or enhance flexibility in the validation process. While both changes aim to improve wildcard handling in redirect URIs, the current patch is focused on testing rather than direct validation. Therefore, the current patch does not directly indicate that it is fixing a known vulnerability but rather enhancing the test coverage or correctness of the wildcard handling logic."",
 ""vulnerability_fix"": ""no""
}"
737,CVE-2023-41044,"File: graylog2-server/src/main/java/org/graylog2/rest/resources/system/debug/bundle/SupportBundleService.java, Class: SupportBundleService, Method: ensureFileWithinBundleDir, Signature: void ensureFileWithinBundleDir(Path, String)","{
 ""analysis"": ""The current patch modifies the `ensureFileWithinBundleDir` method in the `SupportBundleService` class by adding a new `String` parameter. The purpose appears to be enhancing the validation and error handling related to file paths within the support bundle directory. This method is likely internal and not part of a public API, which reduces the risk of backward incompatibility. However, it still requires thorough testing to ensure correct behavior with both old and new parameters. On the other hand, the historical vulnerability fix involved adding the `downloadBundle` method, which allows users to download support bundles directly. This method could potentially increase server load but primarily aims to improve diagnostic capabilities. While both changes aim to improve the functionality and usability of support bundle management, the current patch does not appear to address a known vulnerability like CVE-2023-41044, which was related to the download functionality."",
 ""vulnerability_fix"": ""no""
}"
127,CVE-2023-35887,"File: sshd-common/src/main/java/org/apache/sshd/common/file/root/RootedFileSystemProvider.java, Class: RootedFileSystemProvider, Method: root, Signature: DirectoryStream root(RootedFileSystem,DirectoryStream)","```json
{
  ""analysis"": ""The current patch modifies the `root` method in the `RootedFileSystemProvider` class, which is responsible for managing directory streams within a rooted file system. This change is similar to the historical vulnerability fix CVE-2023-35887, where the `newDirectoryStream` method was refactored to enhance directory stream management. Both changes aim to improve functionality and potentially fix bugs related to directory operations. However, the current patch does not explicitly mention fixing a vulnerability. Instead, it focuses on enhancing the method's functionality and possibly improving performance or security. To determine if it fixes a vulnerability, we would need more detailed information such as commit messages, issue trackers, or code review comments that explicitly state the intent behind the changes."",
  ""vulnerability_fix"": ""no""
}
```"
136,CVE-2023-35887,"File: sshd-common/src/main/java/org/apache/sshd/common/util/io/IoUtils.java, Class: IoUtils, Method: read, Signature: int read(InputStream,byte,int,int)","{
 ""analysis"": ""The current patch appears to be focused on enhancing the performance, robustness, and usability of the `read` method in `IoUtils`. It introduces refactored logic for improved performance, adds more robust exception handling, and improves documentation. While these changes contribute to making the method more reliable and maintainable, there is no explicit indication that it addresses a specific security vulnerability. In contrast, the historical vulnerability fix (CVE-2023-24057) seems to introduce additional parameters and logic aimed at enhancing functionality and flexibility, which could indirectly impact security but is not explicitly tied to a vulnerability fix either. Based on the provided information, the current patch does not appear to be directly addressing a known vulnerability."",
 ""vulnerability_fix"": ""no""
}"
1053,CVE-2014-7816,"File: servlet/src/main/java/io/undertow/servlet/handlers/DefaultServlet.java, Class: DefaultServlet, Method: doGet, Signature: void doGet(HttpServletRequest,HttpServletResponse)","```json
{
 ""analysis"": ""The current patch focuses on enhancing the functionality and robustness of the `doGet` method in the `DefaultServlet` class. It includes code refactoring, bug fixes, and feature additions such as enhanced logging. While these changes aim to improve error handling and provide better traceability, they do not explicitly mention addressing any known security vulnerabilities. The historical vulnerability fix (CVE-2018-1047) involved adjustments to assertions, input parameters, and logging within a test method, which is different from the current patch's focus on the `doGet` method implementation. Therefore, while the current patch improves the overall quality and maintainability of the code, it does not appear to be specifically targeting a known vulnerability."",
 ""vulnerability_fix"": ""no""
}
```"
809,CVE-2019-12741,"File: hapi-fhir-testpage-overlay/src/main/java/ca/uhn/fhir/to/BaseController.java, Class: BaseController, Method: loadAndAddConf, Signature: IBaseResource loadAndAddConf(HttpServletRequest,HomeRequest,ModelMap)","{
 ""analysis"": ""The current patch modifies the `loadAndAddConf` method in the `BaseController` class by adding new parameters (`HttpServletRequest` and `HomeRequest`) while maintaining the return type `IBaseResource`. The purpose of this change appears to be enhancing the method's flexibility and adaptability to handle different types of requests more effectively. This refactoring may improve maintainability by reducing redundancy and improving code clarity. However, it does not directly address any specific security issue or vulnerability based on the provided information. The historical vulnerability fix (CVE-2019-12741) also involved modifying a similar method (`loadAndAddConfDstu2`) but was specifically targeted at enhancing or fixing functionality related to DSTU2 resources. While the current patch shares some structural similarities with the historical fix, it does not explicitly mention addressing a known vulnerability."",
 ""vulnerability_fix"": ""no""
}"
855,CVE-2022-25175,"File: src/main/java/org/jenkinsci/plugins/workflow/multibranch/ReadTrustedStep.java, Class: Execution, Method: getFilePathSuffix, Signature: String getFilePathSuffix()","{
 ""analysis"": ""The current patch modifies the `getFilePathSuffix` method within the `Execution` class of the `ReadTrustedStep.java` file to return a `String`. Based on the three aspect analysis, the purpose of this change appears to be enhancing the flexibility and customization of file path handling within the Jenkins Multibranch Pipeline plugin. The implications include changes to how file operations are performed and the need for comprehensive testing to ensure compatibility and correctness with the new implementation. Comparing this to the historical vulnerability fix (CVE-2022-25175), which involved modifications to the `run` method in the same class to possibly enhance the behavior of trusted step processing, we see that both patches aim to refine and potentially enhance the behavior of the Jenkins Multibranch Pipeline plugin. However, the current patch does not directly address a known vulnerability as described in CVE-2022-25175, which involved issues related to untrusted input handling. Therefore, while the current patch improves the system's functionality, it does not appear to be a direct vulnerability fix."",
 ""vulnerability_fix"": ""no""
}"
827,CVE-2020-2261,"File: src/main/java/io/plugins/perfecto/credentials/PerfectoCredentials.java, Class: PerfectoCredentials, Method: PerfectoCredentials, Signature: PerfectoCredentials(CredentialsScope,String,String,String,String,String)","```json
{
 ""analysis"": ""The current patch modifies the constructor signature of the `PerfectoCredentials` class, which could imply changes in how credentials are initialized. However, without specific details about the changes, it's challenging to determine if this patch directly addresses a security vulnerability. The historical vulnerability fix (CVE-2020-2261) involved securing the retrieval of passwords by returning a `Secret`, indicating a focus on protecting sensitive data. In contrast, the current patch focuses on modifying the constructor parameters, which does not necessarily address the same level of security concerns unless these parameters are related to credential handling and their modification enhances security. Therefore, while the constructor modification might improve the overall robustness or flexibility of the class, it is not explicitly clear from the provided information whether it is aimed at fixing a known vulnerability."",
 ""vulnerability_fix"": ""no""
}
```"
99,CVE-2021-30181,"File: dubbo-cluster/src/main/java/org/apache/dubbo/rpc/cluster/router/script/ScriptRouter.java, Class: ScriptRouter, Method: route, Signature: List<Invoker<T>> route(List<Invoker<T>> invokers, URL url, Invocation invocation)","{
 ""analysis"": ""The current patch for the `route` method in the `ScriptRouter` class introduces refinements to the routing logic, potentially enhancing accuracy and performance. This aligns with the historical vulnerability fix CVE-2021-30181, which also involved changes aimed at improving the script-based routing logic and addressing potential issues. Both patches emphasize enhancements in functionality and performance while acknowledging the need for thorough testing and documentation updates. However, the current patch does not explicitly mention addressing a security vulnerability, but rather focuses on improving routing accuracy and efficiency. Therefore, it is not clear if this patch directly addresses a security vulnerability without further context."",
 ""vulnerability_fix"": ""no""
}"
147,CVE-2023-35887,"File: sshd-sftp/src/main/java/org/apache/sshd/sftp/server/AbstractSftpSubsystemHelper.java, Class: AbstractSftpSubsystemHelper, Method: setFileAttributes, Signature: void setFileAttributes(Path,Map,LinkOption)","```json
{
  ""analysis"": ""The current patch modifies the `setFileAttributes` method to enhance its flexibility and robustness by updating the method signature to accept a `Path`, a `Map`, and a `LinkOption`. The purpose of this change seems to be improving the handling of file attributes and providing better support for symbolic links. In contrast, the historical vulnerability fix (CVE-2023-35887) involved refactoring the `resolveReportedFileAttributes` method to improve attribute handling, possibly for performance and security reasons. While both patches aim to enhance the handling of file attributes and may indirectly address some security concerns, the current patch does not explicitly mention fixing a known vulnerability. Instead, it focuses on adding functionality and flexibility.\n\nThe current patch updates the method signature and introduces new parameters, which could imply potential issues with backward compatibility and require extensive testing. However, there is no direct indication that this patch is specifically designed to fix a previously identified vulnerability."",
  ""vulnerability_fix"": ""no""
}
```"
734,CVE-2022-44262,"File: ff4j-web/src/main/java/org/ff4j/web/embedded/ConsoleOperations.java, Class: ConsoleOperations, Method: createFeature, Signature: void createFeature(FF4j,HttpServletRequest)","{
 ""analysis"": ""The current patch modifies the `createFeature` method in the `ConsoleOperations` class to accept two parameters: an instance of `FF4j` and an `HttpServletRequest`. The primary purpose of this change is to enable the creation of new features via a web-based console. The `FF4j` instance provides core functionality for feature management, while the `HttpServletRequest` likely contains user input necessary for feature creation. This enhancement adds functionality to the web interface but does not directly address a known vulnerability based on the provided information. However, it introduces HTTP request handling, which can potentially introduce security concerns such as input validation issues, CSRF attacks, or other web-related vulnerabilities. In comparison, the historical vulnerability fix (CVE-2022-44262) involved modifying the `parseFeatures` method in the `PropertiesParser` class to include an additional parameter `FF4jConfiguration`, aiming to enhance configuration handling and flexibility. While both changes involve modifications to handle additional parameters and potentially improve functionality, the current patch's focus on web-based feature creation does not appear to directly fix a known vulnerability like CVE-2022-44262."",
 ""vulnerability_fix"": ""no""
}"
980,CVE-2016-9177,"File: src/test/java/spark/StaticFilesTest.java, Class: StaticFilesTest, Method: testCustomMimeType, Signature: void testCustomMimeType()","```json
{
 ""analysis"": ""The current patch adds a new test method `testCustomMimeType` to the `StaticFilesTest` class. This method is designed to validate the application's ability to handle requests with custom MIME types. The purpose of this patch aligns more with enhancing test coverage and ensuring compliance with expected behavior rather than directly addressing a known vulnerability. The historical vulnerability fix (CVE-2018-1000129) involved modifying the `getMimeType` method in the `AgentServlet` class to address issues related to MIME type determination, which could have security implications. While the current patch enhances the system's resilience against potential issues with custom MIME types, it does not appear to be a direct response to a specific identified vulnerability."",
 ""vulnerability_fix"": ""no""
}
```"
307,CVE-2016-6798,"File: src/test/java/org/apache/sling/xss/impl/XSSAPIImplTest.java, Class: XSSAPIImplTest, Method: testGetValidJSToken, Signature: void testGetValidJSToken()","```json
{
 ""analysis"": ""The current patch involves the addition or modification of the `testGetValidJSToken` method within the `XSSAPIImplTest` class. This method is designed to validate JavaScript tokens generated by the `XSSAPIImpl` class. Based on the three aspects analysis, the purpose of this change seems to be enhancing the security by ensuring proper validation of JavaScript tokens, thereby mitigating the risk of Cross-Site Scripting (XSS) attacks. Similar to the historical vulnerability fix CVE-2016-5394, the current patch also focuses on improving test coverage and validation logic for JavaScript tokens. However, without explicit code changes, we cannot definitively conclude that this patch directly fixes a known vulnerability. Instead, it appears to be part of an ongoing effort to enhance security through thorough testing and validation."",
 ""vulnerability_fix"": ""no""
}
```"
628,CVE-2017-1000487,"File: src/test/java/org/codehaus/plexus/util/cli/shell/BourneShellTest.java, Class: BourneShellTest, Method: testArgumentsWithsemicolon, Signature: void testArgumentsWithsemicolon()","```json
{
 ""analysis"": ""The current patch modifies the `testArgumentsWithsemicolon` method within the `BourneShellTest` class, which is part of a testing suite for CLI utilities. The purpose of the change appears to be enhancing or fixing how semicolons are handled as argument separators in shell commands. Similar to the historical vulnerability fix (CVE-2017-1000487), this patch also deals with command-line argument handling but focuses specifically on semicolons rather than single quotes. Both patches aim to improve the reliability and accuracy of the Bourne shell implementation in handling specific characters in command-line arguments. However, while the historical fix addresses a bug related to single quotes, the current patch does not explicitly mention any bug or vulnerability. Instead, it seems to be an enhancement or a fix for a specific use case involving semicolons."",
 ""vulnerability_fix"": ""no""
}
```"
956,CVE-2017-14735,"File: src/test/java/org/owasp/validator/html/test/AntiSamyTest.java, Class: AntiSamyTest, Method: issue41, Signature: void issue41()","{
 ""analysis"": ""The current patch and the historical vulnerability fix share several commonalities in their purposes and implications. Both involve enhancing the robustness of the AntiSamy library through improved test coverage and diagnostic capabilities. Specifically, both patches include the addition of new assertions and logging statements to handle specific edge cases and input patterns. In the case of the current patch, it appears to focus on strengthening the security validation for a specific type of XSS attack vector as mentioned in the 'Purpose of the Change' section. Similarly, the historical vulnerability fix addresses the handling of certain input patterns described in GitHub issue #151. While the current patch does not explicitly mention fixing a vulnerability, the enhancements in test coverage and security validation suggest an intention to mitigate potential security risks."",
 ""vulnerability_fix"": ""yes""
}"
1022,CVE-2020-5405,"File: spring-cloud-config-server/src/main/java/org/springframework/cloud/config/server/resource/GenericResourceRepository.java, Class: GenericResourceRepository, Method: getProfilePaths, Signature: Collection getProfilePaths(String,String)","{
 ""analysis"": ""The current patch modifies the `getProfilePaths` method in the `GenericResourceRepository` class, which is responsible for retrieving profile paths in the Spring Cloud Config Server. The purpose of the change appears to enhance the functionality of this method, possibly improving compatibility with different configurations or environments and ensuring consistency with recent updates in the Spring Cloud Config Server. On the other hand, the historical vulnerability fix (CVE-2020-5405) involves the `invalidPath()` method, which is designed to test and ensure that the repository handles invalid path inputs correctly by validating robustness and error handling mechanisms. While both changes relate to path handling within the repository, the current patch does not explicitly mention addressing any security issues or vulnerabilities. Instead, it seems focused on enhancing functionality and compatibility."",
 ""vulnerability_fix"": ""no""
}"
1123,CVE-2023-32070,"File: xwiki-rendering-xml/src/main/java/org/xwiki/rendering/renderer/printer/XHTMLWikiPrinter.java, Class: XHTMLWikiPrinter, Method: printXMLStartElement, Signature: void printXMLStartElement(String)","{
 ""analysis"": ""The current patch appears to be primarily focused on enhancing the maintainability, robustness, and debugging capabilities of the `XHTMLWikiPrinter` class's `printXMLStartElement` method. It introduces a null check to prevent potential `NullPointerExceptions`, implements logging for better tracking and debugging, and refactors the method for improved readability and maintainability. These changes aim to make the codebase more robust and easier to maintain rather than directly addressing a known vulnerability. While these improvements can indirectly contribute to reducing certain types of vulnerabilities by making the code more resilient, there is no explicit indication that the primary purpose of these changes is to fix a specific vulnerability. The historical vulnerability fix (CVE-2023-32070) also seems to focus on similar aspects like method refactoring, optimization, and bug fixing, but without concrete details, it’s challenging to draw a direct comparison. The current patch does not explicitly mention any security concerns or vulnerabilities that it aims to resolve."",
 ""vulnerability_fix"": ""no""
}"
646,CVE-2022-31194,"File: dspace-jspui/src/main/java/org/dspace/app/webui/servlet/SubmissionController.java, Class: SubmissionController, Method: DoGetResumable, Signature: void DoGetResumable(HttpServletRequest,HttpServletResponse)","{
 ""analysis"": ""The current patch being analyzed appears to focus on refactoring error handling logic, adding logging statements, and optimizing response time by caching certain responses within the `DoGetResumable` method. These changes aim to improve robustness against unexpected inputs, enhance debugging capabilities, and reduce server load. On the other hand, the historical vulnerability fix (CVE-2022-31194) involves modifications to the `doPostResumable` method, potentially addressing issues related to handling `HttpServletRequest`, adjusting logic, and possibly introducing security fixes. While both patches aim to improve the robustness and performance of the `SubmissionController` class, the current patch does not explicitly mention any security-related changes or bug fixes. Therefore, based on the information provided, it seems that the current patch is not primarily focused on fixing a specific vulnerability but rather on enhancing the overall quality and performance of the method."",
 ""vulnerability_fix"": ""no""
}"
279,CVE-2023-34478,"File: web/src/main/java/org/apache/shiro/web/filter/InvalidRequestFilter.java, Class: InvalidRequestFilter, Method: onAccessDenied, Signature: boolean onAccessDenied(ServletRequest,ServletResponse)","{
 ""analysis"": ""The current patch modifies the `onAccessDenied` method in the `InvalidRequestFilter` class, which handles how unauthorized access attempts are managed. This modification could be aimed at enhancing security by refining how requests are validated. The purpose of this change is somewhat similar to the historical CVE-2023-46749, where the `isValid` method was updated to improve request validation. However, there are key differences. The historical change focused on validating specific strings, while the current patch deals with handling access denial in a broader sense. Given these points, the current patch appears to have a strong focus on security improvements, but it is not explicitly stated as a vulnerability fix. It could be addressing a related issue or enhancing the overall security posture."",
 ""vulnerability_fix"": ""likely""
}

This analysis is based on the provided information and the similarities and differences observed between the current patch and the historical vulnerability fix. The current patch does seem to be aimed at improving security, but without explicit confirmation, it can only be classified as likely being a vulnerability fix."
1039,CVE-2011-2732,"File: web/src/main/java/org/springframework/security/web/authentication/logout/SimpleUrlLogoutSuccessHandler.java, Class: SimpleUrlLogoutSuccessHandler, Method: nan, Signature: nan","{
 ""analysis"": ""The current patch appears to target the `SimpleUrlLogoutSuccessHandler` class, which is part of the Spring Security framework responsible for handling user logout processes. The patch mentions a method and signature labeled as 'nan', which suggests there might be an error or misinterpretation in the documentation or implementation. Given the lack of concrete details, we can hypothesize that the patch intends to correct a method name or signature, potentially addressing a bug in URL redirection during logout success. 

In contrast, the historical vulnerability fix (CVE-2022-3782) involves refactoring method logic, adding null checks, and updating dependencies to enhance security and stability. This historical fix specifically aimed to prevent potential errors like NullPointerExceptions and improve the overall robustness of the logout process.

While both the current patch and the historical fix share the goal of improving the logout process, the current patch seems more focused on correcting documentation or implementation issues rather than directly addressing a known vulnerability. The historical fix explicitly mentions enhancements to prevent potential errors and improve security, whereas the current patch's impact is speculative without further details."",
 ""vulnerability_fix"": ""no""
}"
239,CVE-2022-33140,"File: nifi-nar-bundles/nifi-framework-bundle/nifi-framework/nifi-shell-authorizer/src/main/java/org/apache/nifi/authorization/ShellUserGroupProvider.java, Class: ShellUserGroupProvider, Method: getGroup, Signature: Group getGroup(String)","{
 ""analysis"": ""The current patch modifies the `getGroup` method within the `ShellUserGroupProvider` class, potentially to improve the accuracy or performance of group retrieval. The primary focus appears to be on refining the internal logic of group retrieval rather than directly addressing a security issue. The historical vulnerability fix, CVE-2022-33140, involved adding a new method `getCommandsProvider()` to enhance the `ShellUserGroupProvider` by providing a concrete implementation for managing commands. While both patches relate to the `ShellUserGroupProvider` class, they target different aspects of the system's functionality. The current patch does not explicitly introduce security-related changes but focuses on improving group retrieval logic. However, since group management is crucial for authorization, any changes to this logic could indirectly impact security."",
 ""vulnerability_fix"": ""no""
}"
728,CVE-2022-44262,"File: ff4j-core/src/main/java/org/ff4j/utils/MappingUtil.java, Class: MappingUtil, Method: instanceFlippingStrategy, Signature: FlippingStrategy instanceFlippingStrategy(String,String,Map)","{
 ""analysis"": ""The current patch modifies the `instanceFlippingStrategy` method in the `MappingUtil` class, which is responsible for creating a flipping strategy based on input parameters such as strategy name, feature name, and a map of properties. The purpose of this modification appears to involve enhancing or altering the logic for strategy instantiation, potentially for performance improvements, adding new features, or fixing bugs related to feature toggling mechanisms. On the other hand, the historical vulnerability fix (CVE-2022-44262) focuses on improving the test coverage for invalid flipping strategies by modifying the `testIntanciateInvalidFlippingStrategy` method in the `MappingUtilsTest` class. This historical fix ensures that the framework correctly handles and throws appropriate exceptions when an invalid flipping strategy is instantiated, thereby maintaining reliability and stability. While both patches deal with aspects of flipping strategies, the current patch does not explicitly mention any changes related to handling invalid strategies or enhancing test coverage. Therefore, it is less evident that the current patch is directly aimed at fixing a vulnerability."",
 ""vulnerability_fix"": ""no""
}"
874,CVE-2014-125087,"File: src/main/java/com/jamesmurty/utils/XMLBuilder.java, Class: XMLBuilder, Method: XMLBuilder, Signature: XMLBuilder(Node,Node)","{
 ""analysis"": ""The current patch and the historical vulnerability fix share some similarities in terms of modifying constructors and potentially impacting API usage. However, the current patch introduces a new constructor with two Node parameters, which enhances flexibility and possibly allows for more detailed XML structure building. On the other hand, the historical vulnerability fix updates a constructor for the `BaseXMLBuilder` class to handle a `Document` object, which may introduce new functionality or improve existing capabilities related to XML document handling. While both patches involve changes to constructors and could imply changes in API usage, the current patch does not explicitly mention fixing a known vulnerability. Instead, it seems aimed at enhancing the functionality and flexibility of the `XMLBuilder` class. Therefore, based on the provided information, there is no clear indication that the current patch is intended to fix a vulnerability."",
 ""vulnerability_fix"": ""no""
}"
770,CVE-2023-28465,"File: org.hl7.fhir.r5/src/main/java/org/hl7/fhir/r5/renderers/QuestionnaireRenderer.java, Class: QuestionnaireRenderer, Method: QuestionnaireRenderer, Signature: QuestionnaireRenderer(RenderingContext)","{
 ""analysis"": ""The current patch and the historical vulnerability fix share several similarities in terms of their purpose and implications. Both involve refactoring constructors and updating parameters to enhance functionality and manage context better. However, the current patch does not explicitly mention any changes related to security vulnerabilities or error handling improvements, which were key aspects of the historical vulnerability fix (CVE-2023-28465). The current patch focuses more on refactoring for improved readability, maintainability, and possibly performance optimization. While these changes can indirectly contribute to system stability, they do not directly address known security issues or vulnerabilities."",
 ""vulnerability_fix"": ""no""
}"
442,CVE-2022-31159,"File: aws-java-sdk-codeartifact/src/main/java/com/amazonaws/services/codeartifact/model/CopyPackageVersionsRequest.java, Class: CopyPackageVersionsRequest, Method: withPackage, Signature: CopyPackageVersionsRequest withPackage(String)","```json
{
  ""analysis"": ""The current patch introduces a method `withPackage` to the `CopyPackageVersionsRequest` class, which allows setting the package name when configuring a request to copy package versions. This method follows a fluent interface pattern, returning the instance of `CopyPackageVersionsRequest` itself. The primary purpose of this method is to enhance the flexibility and ease of use for constructing such requests. Similar to the historical vulnerability fix (CVE-2022-31159), it also adds functionality to simplify the configuration process. However, the current patch specifically targets the package name rather than package versions as in the historical fix. There is no indication that this patch addresses any security vulnerability; instead, it appears to be a feature enhancement aimed at improving usability."",
  ""vulnerability_fix"": ""no""
}
```"
985,CVE-2018-9159,"File: src/test/java/spark/embeddedserver/jetty/EmbeddedJettyFactoryTest.java, Class: EmbeddedJettyFactoryTest, Method: create_withThreadPool, Signature: void create_withThreadPool()","{
 ""analysis"": ""The current patch appears to be focused on enhancing test coverage and reliability for the `EmbeddedJettyFactory` class, specifically around thread pool configurations. The `create_withThreadPool` method seems to be adding a test case to ensure the Embedded Jetty server correctly handles specified thread pool setups. On the other hand, the historical vulnerability fix (CVE-2018-9159) was aimed at adding a test case (`create_withNullThreadPool`) to verify how the factory behaves when passed a null thread pool, thereby enhancing robustness by preventing potential bugs from invalid inputs. While both patches aim to improve the reliability and robustness of the Embedded Jetty server, the current patch does not explicitly address handling of null inputs or edge cases that could lead to vulnerabilities."",
 ""vulnerability_fix"": ""no""
}"
616,CVE-2017-1000487,"File: src/main/java/org/codehaus/plexus/util/cli/shell/Shell.java, Class: Shell, Method: getExecutionPreamble, Signature: String getExecutionPreamble()","```json
{
  ""analysis"": ""The current patch modifies the method `getExecutionPreamble` to enhance the robustness of shell execution by ensuring all necessary environment variables are present and properly logged. It also includes conditional checks to handle cases where the shell execution environment might be missing certain required configurations. This approach aims to improve the reliability and debugging capabilities of the shell execution process. In contrast, the historical vulnerability fix (CVE-2017-1000487) involved updating the `getShellCommandline` method to enhance the flexibility of command line construction, improve error handling, and support new features. While both patches aim to improve the functionality and reliability of shell-related operations, the current patch does not directly address a known vulnerability but rather enhances the environment setup and logging capabilities."",
  ""vulnerability_fix"": ""no""
}
```"
844,CVE-2022-25174,"File: src/test/java/org/jenkinsci/plugins/workflow/libs/LibraryStepTest.java, Class: LibraryStepTest, Method: vars, Signature: void vars()","{
 ""analysis"": ""The current patch modifies the `vars()` method within the `LibraryStepTest` class, which appears to be focused on enhancing or verifying the functionality of this method. The purpose of the change seems to be centered around improving test coverage or addressing potential bugs in the `vars()` method. In contrast, the historical vulnerability fix (CVE-2022-25174) addressed modifications in the `smokes` method within the `ResourceStepTest` class, which was aimed at enhancing testing logic and ensuring core functionalities work as expected. While both patches aim to improve testing and potentially address issues, the current patch does not explicitly mention any security concerns or vulnerabilities. Therefore, based on the provided information, the current patch does not seem to be specifically designed to fix a known vulnerability."",
 ""vulnerability_fix"": ""no""
}"
333,CVE-2022-32287,"File: uimaj-core/src/main/java/org/apache/uima/pear/util/FileUtil.java, Class: FileUtil, Method: loadTextFileFromJar, Signature: String loadTextFileFromJar(String,JarFile)","{
 ""analysis"": ""The current patch and the historical vulnerability fix both involve significant changes to the method `loadTextFileFromJar`. In the current patch, the primary focus is on enhancing the method by explicitly handling file encoding and adding logging for better traceability. This change aims to increase compatibility with different character sets and locales, improve debugging, and generalize the method to support multiple encodings. 

On the other hand, the historical vulnerability fix seems to have involved refactoring the method for better performance, adding exception handling, and updating documentation. These changes were likely aimed at enhancing robustness, improving readability, and increasing performance.

While the current patch does not explicitly mention fixing a security vulnerability, the addition of explicit encoding handling and logging can indirectly contribute to security by making the method more robust against encoding-related issues and easier to debug. However, the primary intent appears to be functional enhancement rather than a direct vulnerability fix. Therefore, while these changes could mitigate certain vulnerabilities, they do not directly address known vulnerabilities like CVE-2022-32287, which was the focus of the historical fix."",
 ""vulnerability_fix"": ""no""
}"
696,CVE-2022-24891,"File: src/main/java/org/owasp/esapi/reference/DefaultValidator.java, Class: DefaultValidator, Method: isValidPrintable, Signature: boolean isValidPrintable(String,String,int,boolean,ValidationErrorList)","```json
{
 ""analysis"": ""The current patch and the historical vulnerability fix both involve changes to the `DefaultValidator` class, specifically focusing on the `isValidPrintable` method. The current patch refactors the validation logic, adds an additional parameter to handle new validation criteria, and applies minor performance optimizations. The historical vulnerability fix involves modifying the `getValidPrintable` method to enhance input validation and possibly improve security by filtering out non-printable characters. Both changes aim to strengthen security measures, but the current patch introduces an additional parameter which could impact API compatibility. The historical fix appears to address specific security concerns related to character validation and injection attacks. Given the context, the current patch seems to be part of a broader effort to enhance security, but it does not explicitly mention fixing a known vulnerability like CVE-2022-24891."",
 ""vulnerability_fix"": ""yes""
}
```"
1013,CVE-2018-1000129,"File: agent/jvm/src/main/java/org/jolokia/jvmagent/handler/JolokiaHttpHandler.java, Class: JolokiaHttpHandler, Method: createLogHandler, Signature: LogHandler createLogHandler(String,String)","```json
{
  ""analysis"": ""The current patch modifies the method `createLogHandler` within the `JolokiaHttpHandler` class to include additional configuration parameters for log levels, refactor the logging mechanism, and enhance error handling. This appears to be aimed at increasing the flexibility and maintainability of the logging functionality without directly addressing a specific security vulnerability. The historical vulnerability fix, CVE-2020-17519, involved adding or modifying a `getFile` method in the `JobManagerCustomLogHandler` class to improve log handling and customization, which could indirectly relate to security by enhancing monitoring and debugging capabilities. However, the current patch does not seem to address a known vulnerability directly but rather focuses on improving the logging system's configurability and maintainability."",
  ""vulnerability_fix"": ""no""
}
```"
1136,CVE-2023-45278,"File: yamcs-core/src/main/java/org/yamcs/yarch/FileSystemBucket.java, Class: FileSystemBucket, Method: putObject, Signature: void putObject(String,String,Map<String, String>,byte[])","{
 ""analysis"": ""The current patch modifies the `putObject` method in the `FileSystemBucket` class, which is consistent with the historical vulnerability fix CVE-2023-45277. Both the current patch and the historical fix aim to modify the same method, suggesting a focus on enhancing or modifying object storage functionality. However, without specific details about the exact changes made in the current patch, it's challenging to definitively conclude if it addresses a vulnerability. The current patch could be adding validation checks, improving performance, or introducing logging, all of which are common practices in fixing vulnerabilities. Given the historical context and the similar nature of the changes, there is a reasonable suspicion that the current patch might be addressing a vulnerability."",
 ""vulnerability_fix"": ""yes""
}"
702,CVE-2022-24891,"File: src/main/java/org/owasp/esapi/reference/DefaultValidator.java, Class: DefaultValidator, Method: isValidNumber, Signature: boolean isValidNumber(String,String,long,long,boolean,ValidationErrorList)","```json
{
 ""analysis"": ""The current patch introduces enhancements to the `isValidNumber` method within the `DefaultValidator` class. This includes strengthening the validation logic for numeric inputs, adding logging for tracking invalid number inputs, and refactoring the method to improve readability and maintainability. These changes aim to enhance security by ensuring stricter validation of numeric inputs, providing better debugging support through detailed logs, and making the codebase more maintainable. 

Comparing this with the historical vulnerability fix (CVE-2022-24891) which focused on enhancing or fixing the validation logic for integers within the same class (`DefaultValidator`), we observe similar intentions but applied to a different method (`isValidNumber` vs `isValidInteger`). Both patches aim to tighten validation criteria and improve overall security and maintainability. However, the current patch explicitly mentions adding logging and refactoring for improved readability, which were not highlighted as key points in the historical fix.

Given these observations, it is reasonable to infer that the current patch is likely addressing a similar issue to the historical vulnerability fix, but specifically for numeric validation rather than just integer validation."",
 ""vulnerability_fix"": ""yes""
}
```"
251,CVE-2022-33140,"File: nifi-registry/nifi-registry-core/nifi-registry-framework/src/main/java/org/apache/nifi/registry/security/authorization/shell/ShellUserGroupProvider.java, Class: ShellUserGroupProvider, Method: refreshUsersAndGroups, Signature: void refreshUsersAndGroups()","{
 ""analysis"": ""The current patch modifies the `refreshUsersAndGroups` method in the `ShellUserGroupProvider` class with the intent to update the logic for refreshing user and group information. This aligns with improving the authorization process by ensuring that the system reflects the most current user and group configurations. In contrast, the historical vulnerability fix (CVE-2022-33140) focused on modifying the `onConfigured` method to enhance the configuration process for user group settings, which may have included improving security by refining how user permissions and roles are managed. While both patches involve changes to methods within the same class and aim to improve security-related functionalities, the current patch specifically targets the refresh mechanism, which is more directly related to ensuring up-to-date user and group information. Given these points, the current patch does not explicitly address a known vulnerability as CVE-2022-33140 did. However, it indirectly contributes to better security by keeping the authorization system up-to-date."",
 ""vulnerability_fix"": ""no""
}"
1068,CVE-2018-1047,"File: testsuite/integration/web/src/test/java/org/jboss/as/test/integration/web/servlet/overlays/ServletResourceOverlaysTestCase.java, Class: ServletResourceOverlaysTestCase, Method: testLifeCycle, Signature: void testLifeCycle()","```json
{
 ""analysis"": ""The current patch appears to be aimed at enhancing the test coverage and maintainability of the `ServletResourceOverlaysTestCase` class, specifically focusing on the `testLifeCycle` method. The changes include refactoring the method for better clarity and readability, adding more detailed assertions to verify lifecycle events, and updating the setup logic to ensure proper initialization. These enhancements contribute to improved testing accuracy and reliability of servlet lifecycle events. However, there is no explicit indication that these changes are directly addressing a known vulnerability. Instead, they seem to be part of ongoing efforts to strengthen the test suite and ensure robustness against potential issues."",
 ""vulnerability_fix"": ""no""
}
```"
479,CVE-2022-31159,"File: aws-java-sdk-codeartifact/src/main/java/com/amazonaws/services/codeartifact/model/PackageSummary.java, Class: PackageSummary, Method: setPackage, Signature: void setPackage(String)","{
 ""analysis"": ""The current patch modifies the `setPackage` method in the `PackageSummary` class to accept a `String` parameter. This change appears to be aimed at updating how package names are handled within the class, possibly as part of a larger effort to standardize package name handling. In contrast, the historical vulnerability fix (CVE-2022-31159) involves modifying the `getInstance()` method in the `PackageSummaryMarshaller` class, which seems to focus on thread safety, instance management, and potentially fixing bugs or aligning with updated coding standards. While both patches modify classes related to package summary operations, their specific purposes and implications differ. The current patch does not seem to directly address a security vulnerability based on the provided information."",
 ""vulnerability_fix"": ""no""
}"
794,CVE-2022-0265,"File: hazelcast/src/main/java/com/hazelcast/internal/config/AbstractXmlConfigRootTagRecognizer.java, Class: AbstractXmlConfigRootTagRecognizer, Method: AbstractXmlConfigRootTagRecognizer, Signature: AbstractXmlConfigRootTagRecognizer(String)","{
 ""analysis"": ""The current patch introduces a constructor in the `AbstractXmlConfigRootTagRecognizer` class that accepts a `String` parameter. This change appears to be primarily focused on enhancing flexibility and providing more context-specific configurations. The purpose of this change is to allow for configuration or identifier input during object creation, which could be used for various purposes such as specifying different configurations or identifiers for different instances of the class. 

In comparison, the historical vulnerability fix described in CVE-2022-0265 involves modifying the `getTransformerFactory` method to enhance security by preventing XXE attacks. The purpose of this change was explicitly to address a security vulnerability, and it involved updating the method to use a secure factory configuration and improving documentation.

The current patch does not directly address any known security vulnerabilities based on the provided information. Instead, it focuses on changing the initialization process to accept an additional parameter, which may or may not have security implications depending on how this parameter is used in subsequent code. However, without explicit evidence indicating that this change mitigates a specific vulnerability, we cannot conclude that this patch is a direct response to a security issue."",
 ""vulnerability_fix"": ""no""
}"
742,CVE-2023-24057,"File: org.hl7.fhir.convertors/src/main/java/org/hl7/fhir/convertors/misc/NpmPackageVersionConverter.java, Class: NpmPackageVersionConverter, Method: getErrors, Signature: List getErrors()","```json
{
  ""analysis"": ""The current patch modifies the `getErrors()` method within the `NpmPackageVersionConverter` class, which appears to be focused on enhancing error handling and reporting. This is in contrast to the historical vulnerability fix (CVE-2023-24057), which seems to involve changes in the `convertPackage` method's signature and implementation, likely aimed at fixing bugs or improving functionality in the package conversion process. While the current patch could indirectly address some vulnerabilities related to error handling, there is no explicit evidence suggesting that it is directly intended to fix a security vulnerability."",
  ""vulnerability_fix"": ""no""
}
```"
601,CVE-2023-37460,"File: src/test/java/org/codehaus/plexus/archiver/SymlinkTest.java, Class: SymlinkTest, Method: testSymlinkTar, Signature: void testSymlinkTar()","{
 ""analysis"": ""The current patch appears to be aimed at enhancing the test coverage and ensuring the proper handling of symbolic links in tar archives. It is focused on refactoring and potentially fixing a bug related to symbolic link management. This is evident from the refactoring example and bug fix example provided in the three aspect analysis. However, it does not explicitly mention a vulnerability fix. Instead, it emphasizes improving functionality, ensuring compatibility, and increasing reliability. Comparing this to the historical vulnerability fix (CVE-2023-37460), which also involves improving the handling of symbolic links, we can see some similarities but not enough to conclude that the current patch is directly addressing a known vulnerability. The historical fix was more about strengthening tests and fixing issues with symlink handling, which aligns with the goals of the current patch, but the current patch does not reference any specific CVE or vulnerability report."",
 ""vulnerability_fix"": ""no""
}"
480,CVE-2022-31159,"File: aws-java-sdk-codeartifact/src/main/java/com/amazonaws/services/codeartifact/model/PackageSummary.java, Class: PackageSummary, Method: toString, Signature: String toString()","{
 ""analysis"": ""The current patch modifies the `toString` method within the `PackageSummary` class. The primary purpose appears to be enhancing the string representation of the `PackageSummary` object, likely for better readability or debugging. The implications of this change include possible impacts on logging and debugging contexts, and it may require updates in documentation or usage guides to reflect the new behavior of the `toString` method. Comparing this with CVE-2022-31159, which involved changes in the `marshall` method related to serialization logic and was likely addressing compatibility or bug issues with the AWS SDK for Java, we observe a difference in intent. The historical vulnerability fix focused on ensuring proper serialization and handling of `PackageSummary` objects, while the current patch focuses on improving the string representation of these objects."",
 ""vulnerability_fix"": ""no""
}"
364,CVE-2016-6812,"File: rt/transports/http/src/main/java/org/apache/cxf/transport/servlet/servicelist/FormattedServiceListWriter.java, Class: FormattedServiceListWriter, Method: getAbsoluteAddress, Signature: String getAbsoluteAddress(String,AbstractDestination)","```json
{
 ""analysis"": ""The current patch modifies the `getAbsoluteAddress` method within the `FormattedServiceListWriter` class. The purpose of this change appears to be focused on constructing an absolute URL based on input parameters, which could include a relative path or base URL and an `AbstractDestination`. This method's role is crucial for URL generation within the CXF framework, impacting service listing and discovery functionalities. However, it does not directly reference any specific security concerns or vulnerabilities like the historical fix (CVE-2019-17573) did for the `writeRESTfulEndpoint` method, which addressed issues related to the display and handling of RESTful endpoints. Therefore, while the current patch is essential for maintaining proper URL construction, there is no explicit indication that it is addressing a known vulnerability."",
 ""vulnerability_fix"": ""no""
}
```"
24,CVE-2018-11775,"File: activemq-client/src/main/java/org/apache/activemq/transport/tcp/TcpTransport.java, Class: TcpTransport, Method: setTrafficClass, Signature: boolean setTrafficClass(Socket)","```json
{
  ""analysis"": ""The current patch modifies the `setTrafficClass` method in the `TcpTransport` class, which appears to be focused on controlling the traffic class for TCP packets. The primary purpose seems to be improving network performance or prioritization rather than addressing a security vulnerability. While the change could indirectly contribute to better network stability and performance, it does not align with the typical characteristics of a security fix, such as those seen in CVE-2018-11775 where the focus was on enhancing security configurations and improving robustness against potential attacks. The current patch does not introduce enhanced logging, strict security configurations, or adjustments specifically aimed at mitigating security risks."",
  ""vulnerability_fix"": ""no""
}
```"
348,CVE-2022-42889,"File: src/main/java/org/apache/commons/text/StringSubstitutor.java, Class: StringSubstitutor, Method: nan, Signature: nan","{
 ""analysis"": ""The current patch provided refers to an invalid or inconsistent reference (src/main/java/org/apache/commons/text/StringSubstitutor.java, Class: StringSubstitutor, Method: nan, Signature: nan). This makes it impossible to accurately assess whether the patch is intended to fix a vulnerability. In contrast, the historical vulnerability fix (CVE-2018-11762) also lacks specific details about the code changes and purpose, making it equally difficult to derive meaningful conclusions about its nature and intent. Based on the available information, the current patch does not provide sufficient details to determine if it is fixing a vulnerability."",
 ""vulnerability_fix"": ""no""
}"
540,CVE-2022-31159,"File: aws-java-sdk-glue/src/main/java/com/amazonaws/services/glue/model/StartJobRunRequest.java, Class: StartJobRunRequest, Method: toString, Signature: String toString()","{
 ""analysis"": ""The current patch modifies the `toString` method within the `StartJobRunRequest` class. Its primary purpose appears to be enhancing the readability or debugging information provided by this method. The implications of this change include improved debugging and monitoring capabilities, though there may be minor performance implications due to additional string manipulation. The historical vulnerability fix, CVE-2022-31159, involved modifying the `equals` method to improve object comparison for equality, which could affect how instances of `StartJobRunRequest` are used in collections and potentially impact performance. While both changes involve altering methods that influence object behavior, the current patch does not appear to directly address a security vulnerability based on the provided information."",
 ""vulnerability_fix"": ""no""
}"
1077,CVE-2013-7285,"File: xstream/src/java/com/thoughtworks/xstream/XStream.java, Class: XStream, Method: buildMapperDynamically, Signature: Mapper buildMapperDynamically(String,Class,Object)","{
 ""analysis"": ""The current patch introduces a new method `buildMapperDynamically` to the `XStream` class, which appears to offer a dynamic way to configure the mapper. This aligns with the historical vulnerability fix CVE-2013-7285, where a similar method (`buildMapper`) was refactored to enhance flexibility and performance. Both changes aim to increase the configurability of the mapper, suggesting a pattern of improving flexibility and possibly addressing issues related to static configurations. However, the current patch does not explicitly mention any security concerns or fixes. Instead, it focuses on providing more dynamic capabilities, which could indirectly reduce the risk of certain vulnerabilities by allowing more granular control over the mapping process. Based on the provided information, there is no clear indication that this patch is directly intended to fix a vulnerability."",
 ""vulnerability_fix"": ""no""
}"
134,CVE-2023-35887,"File: sshd-common/src/main/java/org/apache/sshd/common/file/util/BaseFileSystem.java, Class: BaseFileSystem, Method: getPath, Signature: T getPath(String,String)","```json
{
  ""analysis"": ""The current patch modifies the `getPath` method in the `BaseFileSystem` class, which is responsible for resolving file paths. The primary focus appears to be refining or extending the functionality related to file path resolution through the use of a generic type `T`. This suggests that the method might now return different types of objects based on the generic type parameter, which could be an enhancement aimed at increasing flexibility or supporting different types of file system interactions. 

In contrast, the historical vulnerability fix (CVE-2023-35887) focused on refactoring the `getFileSystem` method for better maintainability, enhancing exception handling, and optimizing path validation. These changes were primarily aimed at improving code quality, user experience, and performance without altering the external behavior of the method.

While both patches involve changes to methods related to file system interactions, the current patch does not seem to directly address a security vulnerability. Instead, it appears to be an enhancement aimed at providing more flexible or efficient file path resolution capabilities. Therefore, there is no strong evidence suggesting that this patch is intended to fix a specific vulnerability."",
  ""vulnerability_fix"": ""no""
}
```"
1105,CVE-2023-32070,"File: xwiki-rendering-syntaxes/xwiki-rendering-syntax-annotatedhtml5/src/main/java/org/xwiki/rendering/internal/renderer/html5/AnnotatedHTML5ChainingRenderer.java, Class: AnnotatedHTML5ChainingRenderer, Method: AnnotatedHTML5ChainingRenderer, Signature: AnnotatedHTML5ChainingRenderer(XHTMLLinkRenderer,XHTMLImageRenderer,HTMLElementSanitizer,ListenerChain)","```json
{
 ""analysis"": ""The current patch appears to be focused on refactoring and enhancing the functionality of the `AnnotatedHTML5ChainingRenderer` class by updating its constructor to accept new dependencies (`XHTMLLinkRenderer`, `XHTMLImageRenderer`, `HTMLElementSanitizer`, and `ListenerChain`). Based on the provided information, it seems aimed at improving modularity, testability, and flexibility rather than directly addressing a security vulnerability. However, introducing new dependencies and updating the constructor signature could potentially lead to issues if not thoroughly tested, especially in terms of backward compatibility and performance. Given the similarity in the nature of changes (refactoring, dependency updates, and potential parameter validation) to the historical vulnerability fix (CVE-2023-32070), there is a possibility that this patch indirectly addresses some security concerns. Nevertheless, without concrete evidence of a specific vulnerability being fixed, it is more accurate to classify this as an enhancement."",
 ""vulnerability_fix"": ""no""
}
```"
397,CVE-2017-5653,"File: rt/rs/security/xml/src/main/java/org/apache/cxf/rs/security/xml/XmlSecInInterceptor.java, Class: XmlSecInInterceptor, Method: configureDecryptionKeys, Signature: void configureDecryptionKeys(Message,XMLSecurityProperties)","```json
{
 ""analysis"": ""The current patch appears to be an enhancement focused on improving the security management process, specifically around the configuration of decryption keys. The method `configureDecryptionKeys` was refactored for better readability and maintainability, introduced a `Message` parameter to increase flexibility, and added robust error handling to manage exceptions more gracefully. These changes seem aimed at making the system more secure and robust, but they do not directly indicate a known or previously exploited vulnerability. The historical vulnerability fix (CVE-2017-5653) involved changes to security actions registration and handling, which suggests a focus on fixing a specific security issue rather than general enhancements. While both patches involve security-related improvements, the current patch does not appear to directly address a known vulnerability as described in CVE-2017-5653."",
 ""vulnerability_fix"": ""no""
}
```"
1062,CVE-2019-5312,"File: weixin-java-common/src/test/java/me/chanjar/weixin/common/util/crypto/WxCryptUtilTest.java, Class: WxCryptUtilTest, Method: testValidateSignatureError, Signature: void testValidateSignatureError()","```json
{
 ""analysis"": ""The current patch introduces a new test method `testValidateSignatureError` which appears to focus on validating scenarios where the signature validation process fails. This is consistent with enhancing the testing coverage and ensuring robustness against edge cases or error conditions. On the other hand, the historical vulnerability fix mentioned (CVE-2022-3782) involves refactoring and updating tests related to OAuth logout processes to handle incorrect parameter changes more effectively. While both patches aim to improve testing and robustness, they target different functionalities and potential vulnerabilities. The current patch seems more focused on ensuring the integrity of the signature validation process, rather than addressing a known vulnerability."",
 ""vulnerability_fix"": ""no""
}
```"
935,CVE-2023-2422,"File: testsuite/integration-arquillian/tests/base/src/test/java/org/keycloak/testsuite/client/FAPICIBATest.java, Class: FAPICIBATest, Method: testFAPICIBAWithoutBindingMessage, Signature: void testFAPICIBAWithoutBindingMessage(ClientRepresentation)","{
 ""analysis"": ""The current patch modifies the method `testFAPICIBAWithoutBindingMessage` within the class `FAPICIBATest`. The modification appears to involve enhancing or fixing the test case for FAPI CIBA flow without a binding message. The method now includes a parameter of type `ClientRepresentation`, which suggests that it may be used to simulate specific scenarios or conditions related to the FAPI CIBA flow. This change is aimed at improving the test suite's ability to validate real-world scenarios by ensuring that the client representation is correctly utilized within the test case. 

In comparison, the historical vulnerability fix CVE-2023-2422 involved adding a new method `testFAPICIBALoginWithMTLS` to the same class, which focuses on testing a specific login flow using Mutual TLS (mTLS). The purpose of this historical fix was to increase test coverage for secure authentication mechanisms, specifically focusing on Mutual TLS. The new method also took a `ClientRepresentation` parameter to configure client settings for the test.

While both changes involve modifying test methods to include `ClientRepresentation` parameters, the current patch appears to focus on enhancing the test case for scenarios without a binding message rather than addressing a security vulnerability. The historical fix, on the other hand, introduced a new test case to cover a specific secure authentication mechanism (Mutual TLS).

Based on the provided information, there is no direct indication that the current patch is explicitly aimed at fixing a known vulnerability. Instead, it seems to be an enhancement to the test suite to better handle specific scenarios in the FAPI CIBA flow."",
 ""vulnerability_fix"": ""no""
}"
698,CVE-2022-24891,"File: src/main/java/org/owasp/esapi/reference/DefaultValidator.java, Class: DefaultValidator, Method: getValidNumber, Signature: Double getValidNumber(String,String,long,long,boolean,ValidationErrorList)","```json
{
 ""analysis"": ""The current patch involves refactoring the input validation logic within the `getValidNumber` method to improve readability, maintainability, and robustness. It also includes enhanced error handling and updated documentation. While these changes aim to improve the overall quality and reliability of the method, they do not explicitly mention addressing any known vulnerabilities. The historical vulnerability fix for CVE-2022-24891, on the other hand, specifically targets the `isValidInteger` method within the same class and appears to focus on fixing or enhancing validation logic to handle edge cases or improve security. Although both patches involve similar aspects like enhancing validation logic and maintaining backward compatibility, the current patch does not explicitly state it is addressing a vulnerability."",
 ""vulnerability_fix"": ""no""
}
```"
432,CVE-2022-31159,"File: aws-java-sdk-codeartifact/src/main/java/com/amazonaws/services/codeartifact/AbstractAWSCodeArtifact.java, Class: AbstractAWSCodeArtifact, Method: untagResource, Signature: UntagResourceResult untagResource(UntagResourceRequest)","```json
{
 ""analysis"": ""The current patch modifies the `untagResource` method in the `AbstractAWSCodeArtifact` class, while the historical vulnerability fix involves the `untagResourceAsync` method in the `AbstractAWSCodeArtifactAsync` class. Both methods are related to untagging resources in AWS CodeArtifact but operate in different contexts (synchronous vs. asynchronous). The current patch seems to focus on improving or correcting the functionality of removing tags from AWS CodeArtifact resources, which could imply better error handling or logging, as mentioned in the 'Purpose of the Change' section. However, there is no explicit mention of security concerns or vulnerabilities being addressed. In contrast, the historical vulnerability fix (CVE-2022-31159) does not provide enough detail to definitively link it to the current patch's changes, though both seem to involve resource management improvements."",
 ""vulnerability_fix"": ""no""
}
```"
59,CVE-2022-34662,"File: dolphinscheduler-api/src/main/java/org/apache/dolphinscheduler/api/service/impl/ResourcesServiceImpl.java, Class: ResourcesServiceImpl, Method: onlineCreateResource, Signature: Result<Object> onlineCreateResource(User loginUser, ResourceType type, String fileName, String fileSuffix, String desc, String content, int pid, String currentDir)","{
 ""analysis"": ""The current patch introduces a method `onlineCreateResource` which allows users to create resources online. The purpose of this method is to enhance the platform's capability for managing and storing resources efficiently. While it does involve handling user input and managing file-related data, there is no explicit indication that this patch is addressing a known vulnerability. Instead, it appears to be an enhancement aimed at improving user experience and resource management capabilities. In contrast, the historical vulnerability fix (CVE-2022-34662) introduced a method `createDirectory` to handle directory creation with enhanced security considerations such as resource permissions. Although both patches expand functionality related to resource management, the current patch does not directly address any security concerns or known vulnerabilities mentioned in CVE-2022-34662."",
 ""vulnerability_fix"": ""no""
}"
883,CVE-2018-10894,"File: adapters/saml/core/src/main/java/org/keycloak/adapters/saml/config/parsers/DeploymentBuilder.java, Class: DeploymentBuilder, Method: loadKeystore, Signature: KeyStore loadKeystore(ResourceLoader,Key)","```json
{
 ""analysis"": ""The current patch modifies the `loadKeystore` method within the `DeploymentBuilder` class, which is responsible for loading a keystore. This method takes a `ResourceLoader` and a `Key` as parameters and returns a `KeyStore`. Based on the historical vulnerability fix (CVE-2018-10894), the `processSigningKey` method was modified to handle signing keys in SAML deployments. Both patches seem to focus on key management and loading processes, suggesting a focus on security aspects. However, the current patch does not explicitly mention any security vulnerability. Instead, it appears to be an enhancement or a bug fix related to key loading. While it could indirectly improve security, there is no direct evidence indicating it fixes a specific vulnerability."",
 ""vulnerability_fix"": ""no""
}
```"
913,CVE-2022-3782,"File: testsuite/integration-arquillian/tests/base/src/test/java/org/keycloak/testsuite/oauth/RPInitiatedLogoutTest.java, Class: RPInitiatedLogoutTest, Method: logoutRedirectWithIdTokenHintPointToDifferentSession, Signature: void logoutRedirectWithIdTokenHintPointToDifferentSession()","{
 ""analysis"": ""The current patch modifies the `logoutRedirectWithIdTokenHintPointToDifferentSession()` method to ensure proper handling of user logout and redirection to a different session using an ID token hint. This is similar to the historical vulnerability fix CVE-2022-3782, which involved modifying the `logoutWithValidIdTokenWhenLoggedOutByAdmin` method to handle logout scenarios after administrative actions. Both patches aim to improve the reliability and robustness of the OAuth logout process, but the current patch specifically focuses on user-initiated logout scenarios with ID token hints. While the current patch does not directly address a known vulnerability, it enhances the testing and handling of logout scenarios, potentially mitigating undiscovered vulnerabilities in this area."",
 ""vulnerability_fix"": ""no""
}"
161,CVE-2023-35887,"File: sshd-sftp/src/main/java/org/apache/sshd/sftp/server/AbstractSftpSubsystemHelper.java, Class: AbstractSftpSubsystemHelper, Method: validateRealPath, Signature: SimpleImmutableEntry validateRealPath(int,String,Path,LinkOption)","```json
{
  ""analysis"": ""The current patch introduces changes to the `validateRealPath` method in the `AbstractSftpSubsystemHelper` class. This method now includes additional parameters (`int`, `String`, and `LinkOption`) and returns a `SimpleImmutableEntry`. Based on the provided information, these changes suggest an enhancement in the validation process for real paths, which could potentially improve security by ensuring that path manipulations are properly validated before being processed. The new return type `SimpleImmutableEntry` allows for returning both validation results and additional data, offering more flexibility and possibly aiding in error reporting or logging mechanisms. However, without explicit mention of a security issue or vulnerability being addressed, it is not definitively clear if this patch is solely aimed at fixing a vulnerability. The changes seem more focused on enhancing the method's capabilities and providing better validation and data handling.\n\nIn comparison to the historical vulnerability fix (CVE-2023-35887), which introduced a method to check if a file exists to ensure consistent handling and reduce potential bugs, the current patch appears to have a similar intent of improving validation and security but operates in a different context and with different parameters. While both changes aim to improve security and robustness, the current patch does not explicitly state a vulnerability fix."",
  ""vulnerability_fix"": ""no""
}
```"
3,CVE-2014-3600,"File: activemq-broker/src/main/java/org/apache/activemq/filter/JAXPXPathEvaluator.java, Class: JAXPXPathEvaluator, Method: toString, Signature: String toString()","```json
{
 ""analysis"": ""The current patch adds or modifies the `toString()` method in the `JAXPXPathEvaluator` class. Its primary purpose appears to be providing a human-readable string representation of the `JAXPXPathEvaluator` object, which aids in debugging and logging. This aligns with standard Java practices and enhances diagnostics capabilities without directly addressing a security vulnerability. In contrast, the historical vulnerability fix (CVE-2014-3600) focused on improving robustness, debugging, and performance by adding logging, parameter validation, and refactoring the evaluation logic. While both patches aim to improve the overall quality and reliability of the code, the current patch does not appear to address a specific vulnerability but rather adheres to good coding practices."",
 ""vulnerability_fix"": ""no""
}
```"
323,CVE-2022-32287,"File: uimaj-core/src/main/java/org/apache/uima/pear/util/FileUtil.java, Class: FileUtil, Method: zipDirectory, Signature: File zipDirectory(File)","{
 ""analysis"": ""The current patch and the historical vulnerability fix both involve enhancements and optimizations to the `zipDirectory` method in the `FileUtil` class. The current patch focuses on handling symbolic links correctly, adding exception handling, and refactoring the code for better readability and performance. These changes aim to expand the use cases, increase stability, and ease maintenance. On the other hand, the historical vulnerability fix (CVE-2022-32287) involves refactoring, parameter handling, and code optimization, possibly to address performance issues, fix bugs, or add features such as logging or error handling. While both patches improve the robustness and functionality of the method, the current patch does not explicitly mention addressing a known security vulnerability. However, the addition of exception handling and improved symbolic link management can indirectly contribute to the overall security posture by preventing crashes and ensuring comprehensive directory structures are handled."",
 ""vulnerability_fix"": ""no""
}"
151,CVE-2023-35887,"File: sshd-sftp/src/main/java/org/apache/sshd/sftp/server/AbstractSftpSubsystemHelper.java, Class: AbstractSftpSubsystemHelper, Method: doLStat, Signature: Map doLStat(int,String,int)","```json
{
 ""analysis"": ""The current patch modifies the `doLStat` method in the `AbstractSftpSubsystemHelper` class, updating its signature from an unspecified original form to accept three parameters: an integer, a String, and another integer. This change seems to be aimed at enhancing the method’s capability to retrieve file status information in SFTP operations. The historical vulnerability fix (CVE-2023-35887) involved modifying the `doFStat` method in the `SftpSubsystem` class to include similar parameter changes. Both modifications appear to enhance functionality and potentially address issues related to file status retrieval. However, the current patch does not explicitly mention addressing a known vulnerability. Instead, it focuses on adding parameters that might lead to improved usability or enhanced functionality."",
 ""vulnerability_fix"": ""no""
}
```"
776,CVE-2023-28465,"File: org.hl7.fhir.utilities/src/main/java/org/hl7/fhir/utilities/Utilities.java, Class: Utilities, Method: path, Signature: String path(String)","{
 ""analysis"": ""The current patch appears to be focused on improving the efficiency, robustness, and usability of the `path` method within the `Utilities` class. It includes refactoring for better performance, adding input validation to prevent `NullPointerException`, and enhancing documentation. While these changes contribute to making the method more secure by preventing null inputs, they do not directly address a known vulnerability similar to CVE-2022-23457, which was focused on strengthening security controls and mitigating path traversal attacks. The current patch does not explicitly mention handling directory paths or validating against security threats related to file system traversal. Therefore, while the patch indirectly enhances security through robust input validation, it is not primarily aimed at fixing a known vulnerability."",
 ""vulnerability_fix"": ""no""
}"
1015,CVE-2018-1000129,"File: agent/jvm/src/test/java/org/jolokia/jvmagent/handler/JolokiaHttpHandlerTest.java, Class: JolokiaHttpHandlerTest, Method: customRestrictor, Signature: void customRestrictor()","{
 ""analysis"": ""The current patch introduces a method named `customRestrictor` within the `JolokiaHttpHandlerTest` class. This method appears to be related to setting up or controlling conditions for testing purposes, rather than directly addressing a security vulnerability. The purpose of this method seems to be enhancing the test suite to ensure that the handler behaves correctly under restricted conditions. This aligns more with the idea of improving the reliability and maintainability of the testing environment, as opposed to fixing a specific security vulnerability. The historical vulnerability fix (CVE-2018-1000129) involves updating a test case to enhance the reliability of the HTTP handler's callback mechanism, which is different from the current patch's focus on a custom restrictor method. Therefore, while both patches aim to improve the robustness of the testing suite, the current patch does not appear to be specifically targeted at fixing a known vulnerability."",
 ""vulnerability_fix"": ""no""
}"
274,CVE-2023-33246,"File: namesrv/src/test/java/org/apache/rocketmq/namesrv/processor/DefaultRequestProcessorTest.java, Class: DefaultRequestProcessorTest, Method: testProcessRequest_RegisterBrokerWithFilterServer, Signature: void testProcessRequest_RegisterBrokerWithFilterServer()","```json
{
  ""analysis"": ""The current patch and the historical vulnerability fix both involve updates to methods responsible for handling broker-related operations within the RocketMQ nameserver. The current patch focuses on enhancing the test case for registering brokers with filter servers (`testProcessRequest_RegisterBrokerWithFilterServer`), while the historical vulnerability fix involves updating the `updateBrokerConfig` method in the `AdminBrokerProcessor` class. The purpose of the current patch seems to be strengthening test coverage and ensuring compatibility with new requirements or behavior changes, rather than directly addressing a security vulnerability. On the other hand, the historical vulnerability fix appears to focus on enhancing security measures and possibly improving performance or adding support for dynamic configuration changes.\n\nWhile both updates contribute to the overall robustness and reliability of the system, the current patch does not seem to be explicitly aimed at fixing a known vulnerability but rather at improving test coverage and handling new requirements."",
  ""vulnerability_fix"": ""no""
}
```"
711,CVE-2023-37908,"File: xwiki-rendering-xml/src/main/java/org/xwiki/rendering/renderer/printer/XHTMLWikiPrinter.java, Class: XHTMLWikiPrinter, Method: cleanAttributes, Signature: Map<String, String> cleanAttributes(String elementName, Map<String, String> attributes)","{
 ""analysis"": ""The current patch and the historical vulnerability fix share several key similarities. Both modifications focus on enhancing security by filtering out potentially unsafe HTML attributes from the XHTML output. The `cleanAttributes` method in both cases is updated to enforce stricter control over allowed attributes, aiming to prevent the injection of harmful attributes that could lead to Cross-Site Scripting (XSS) attacks. The historical fix specifically mentions CVE-2023-37908, indicating it addresses a known vulnerability, while the current patch's hypothetical scenario suggests a similar approach but without explicit mention of a CVE.

The implications of these changes are also aligned: they reduce the risk of XSS attacks, might introduce some performance overhead due to additional checks, and require updates to documentation and user guidelines. However, the current patch introduces a new filter mechanism and includes optional points such as selective removal based on a predefined list, which are not explicitly mentioned in the historical fix.

In summary, while the current patch shares the core intent of the historical vulnerability fix—enhancing security by sanitizing attributes—the absence of a direct reference to a CVE does not conclusively establish it as a vulnerability fix. However, given the nature of the changes and their stated goals, it is reasonable to infer that the current patch is likely addressing a security concern similar to the one fixed in the historical case."",
 ""vulnerability_fix"": ""yes""
}"
362,CVE-2016-6812,"File: rt/transports/http/src/main/java/org/apache/cxf/transport/servlet/BaseUrlHelper.java, Class: BaseUrlHelper, Method: setAddress, Signature: void setAddress(AbstractDestination,String)","```json
{
 ""analysis"": ""The current patch modifies the `setAddress` method within the `BaseUrlHelper` class, which is responsible for setting addresses (likely URLs) for an `AbstractDestination`. The historical vulnerability fix, CVE-2016-6812, involved modifying the `getBaseURL` method to improve the accuracy and reliability of base URL construction. While both patches deal with URL handling, they target different methods and different aspects of URL management (setting vs. getting). The current patch seems to focus on enhancing functionality or fixing bugs related to setting URLs, rather than retrieving them. However, without specific details about the changes made in the `setAddress` method, it is challenging to definitively conclude if this patch is addressing a security vulnerability. The historical fix suggests a pattern of improvements around URL handling, but the current patch does not explicitly indicate a security concern."",
 ""vulnerability_fix"": ""no""
}
```"
100,CVE-2019-10076,"File: jspwiki-main/src/main/java/org/apache/wiki/tags/LinkToTag.java, Class: LinkToTag, Method: doWikiStartTag, Signature: int doWikiStartTag()","Based on the provided information and the structured templates for both the current patch and the historical vulnerability fix, let's analyze the similarities and differences to determine if the current patch is intended to fix a vulnerability.

### Comparison

#### 1. Code Change Summary
- **Current Patch:**
  - The `doWikiStartTag` method in the `LinkToTag` class has been modified to update the logic for generating wiki links.
  - Additional parameters might have been added to handle new types of link configurations.
  - The return type of the method was changed from `void` to `int` to indicate the status of the operation.
  
- **Historical Vulnerability Fix (CVE-2019-10078):**
  - The `handleLinks` method signature remained unchanged, implying no modifications to parameters or return type.
  - Potential refactoring within the method body without altering its interface.
  - Bug fix or addition of new functionality within the method.

#### 2. Purpose of the Change
- **Current Patch:**
  - Enhance functionality of the `LinkToTag` class by supporting more complex link generation rules.
  - Improve error handling and reporting within the `doWikiStartTag` method.
  - Optimize performance by reducing redundant checks during link processing.
  
- **Historical Vulnerability Fix (CVE-2019-10078):**
  - Improve how links are handled within the context of Wiki pages.
  - Focus on optimizing the performance of link handling.
  - Aim to make the code more readable and maintainable.

#### 3. Implications of the Change
- **Current Patch:**
  - Affects how wiki links are generated throughout the application.
  - Introduction of additional parameters requires updates in all calling contexts for compatibility.
  - Change in return type from `void` to `int` implies that callers must handle the return value appropriately.
  
- **Historical Vulnerability Fix (CVE-2019-10078):**
  - Impact on how existing features related to link handling function.
  - Requires thorough testing to ensure no current functionalities are broken.
  - Documentation updates reflecting any method or usage changes.

### Analysis

The current patch appears to be aimed at enhancing functionality and improving error handling and performance in the `doWikiStartTag` method. While it does introduce significant changes (e.g., adding parameters and changing the return type), these changes seem primarily focused on feature enhancement and optimization rather than directly addressing a known security vulnerability like the historical fix for CVE-2019-10078.

The historical vulnerability fix (CVE-2019-10078) seems to focus on improving the handling and performance of links without necessarily introducing new parameters or changing the method’s return type, which suggests a different scope of changes compared to the current patch.

### Conclusion

Based on the comparison, there is no clear indication that the current patch is specifically designed to fix a vulnerability similar to CVE-2019-10078. Instead, it appears to be a feature enhancement and optimization effort.

```json
{
 ""analysis"": ""The current patch focuses on enhancing the functionality and performance of the `doWikiStartTag` method by adding parameters and changing the return type. These changes appear to be primarily aimed at feature enhancement and optimization rather than fixing a known vulnerability."",
 ""vulnerability_fix"": ""no""
}
```"
441,CVE-2022-31159,"File: aws-java-sdk-codeartifact/src/main/java/com/amazonaws/services/codeartifact/model/CopyPackageVersionsRequest.java, Class: CopyPackageVersionsRequest, Method: withVersions, Signature: CopyPackageVersionsRequest withVersions(java)","```json
{
  ""analysis"": ""The current patch does not explicitly mention fixing a vulnerability. Instead, it appears to be an enhancement or modification to the `withVersions` method within the `CopyPackageVersionsRequest` class. The historical vulnerability fix (CVE-2022-31159) involved adding a method to allow setting package versions, which seems to align with the current patch's description of updating the method. However, without specific code changes, it is difficult to determine if the current patch addresses any security issues directly. The current patch seems to focus more on enhancing the method's functionality or flexibility rather than fixing a known vulnerability."",
  ""vulnerability_fix"": ""no""
}
```"
607,CVE-2017-1000487,"File: src/main/java/org/codehaus/plexus/util/cli/Commandline.java, Class: Commandline, Method: getArguments, Signature: String getArguments()","{
 ""analysis"": ""The current patch for the `getArguments()` method in the `Commandline` class aims to improve the usability, readability, and maintainability of the method. It potentially adds support for new types of arguments, fixes existing bugs related to argument parsing, and includes performance optimizations. While these changes enhance the functionality and reliability of the method, there is no direct indication that it is specifically addressing a security vulnerability. The historical vulnerability fix mentioned (CVE-2017-1000487) involved adding a constructor to the `Commandline` class, which had different implications and purposes compared to the current patch. The current patch focuses on method logic refactoring and handling, whereas the historical fix focused on adding a constructor and initializing the class with a string parameter."",
 ""vulnerability_fix"": ""no""
}"
659,CVE-2023-41034,"File: leshan-core/src/test/java/org/eclipse/leshan/core/model/DDFFileParserTest.java, Class: DDFFileParserTest, Method: test_xxe_injection_failed, Signature: void test_xxe_injection_failed()","{
 ""analysis"": ""The current patch introduces a new test method `test_xxe_injection_failed` within the `DDFFileParserTest` class. This method is specifically designed to test the prevention of XML External Entity (XXE) injection vulnerabilities. The purpose of this change is to enhance security by validating that the code correctly handles and mitigates XXE attacks. It acts as a regression test to ensure that future changes do not reintroduce such vulnerabilities. The implications of this change include improving the overall security posture of the software and requiring developers to be aware of stricter validation and handling mechanisms for XML inputs."",
 ""vulnerability_fix"": ""yes""
}"
527,CVE-2022-31159,"File: aws-java-sdk-glue/src/main/java/com/amazonaws/services/glue/model/JobUpdate.java, Class: JobUpdate, Method: setNumberOfWorkers, Signature: void setNumberOfWorkers(Integer)","{
 ""analysis"": ""The current patch introduces a new method `setNumberOfWorkers` in the `JobUpdate` class which allows configuring the number of workers for a Glue job update. This change enhances the flexibility in resource management by providing developers with the ability to dynamically adjust worker counts based on job requirements. In contrast, the historical vulnerability fix (CVE-2022-31159) did not introduce any changes to the `getNumberOfWorkers` method and aimed to maintain the existing behavior without introducing new functionality or impacting the method's stability. Therefore, the current patch is not intended to fix a vulnerability but rather to add a feature that enhances the configurability of Glue jobs."",
 ""vulnerability_fix"": ""no""
}"
910,CVE-2022-3782,"File: testsuite/integration-arquillian/tests/base/src/test/java/org/keycloak/testsuite/oauth/OAuthRedirectUriTest.java, Class: OAuthRedirectUriTest, Method: testDifferentCaseInHostname, Signature: void testDifferentCaseInHostname()","{
 ""analysis"": ""The current patch modifies the `testDifferentCaseInHostname` method within the `OAuthRedirectUriTest` class to ensure that the OAuth redirect URI handling mechanism correctly processes hostnames regardless of case sensitivity. This change aims to enhance the robustness and compatibility of the OAuth implementation. The primary focus appears to be on improving the reliability of OAuth flows in environments where DNS or server configurations handle hostnames case-sensitively, leading to more consistent behavior across different systems and browsers. 

In comparison, the historical vulnerability fix (CVE-2022-3782) involved enhancing or modifying the `testLocalhost` method to improve test coverage, fix flaky tests, and support new features, potentially strengthening security and user experience. While both patches aim to improve the reliability and robustness of OAuth implementations, the current patch specifically addresses case sensitivity in hostnames, whereas the historical fix focuses on localhost URL handling and broader test improvements.

The current patch does not explicitly mention fixing a known vulnerability but rather improving the handling of case sensitivity. Therefore, it is not directly comparable to the historical vulnerability fix unless there is a specific known vulnerability related to case sensitivity in OAuth redirect URIs."",
 ""vulnerability_fix"": ""no""
}"
723,CVE-2022-44262,"File: ff4j-config-yaml/src/test/java/org/ff4j/parser/yaml/YamlParserTest.java, Class: YamlParserTest, Method: yamlFile_shouldExist, Signature: void yamlFile_shouldExist()","{
 ""analysis"": ""The current patch modifies the `yamlFile_shouldExist` method within the `YamlParserTest` class. Its primary purpose is to ensure that a specific YAML file exists, which is a prerequisite for running subsequent tests. This check appears to be a basic validation step to ensure that the necessary input files are present before proceeding with further tests. On the other hand, the historical vulnerability fix addressed the consistency between YAML and XML imports, ensuring that both formats produce the same output. While both patches aim to enhance the robustness of the test suite, they focus on different aspects of the `YamlParser`. The current patch seems more focused on ensuring the presence of a required resource rather than addressing a security vulnerability. Therefore, it does not appear to be directly aimed at fixing a vulnerability but rather at improving test reliability."",
 ""vulnerability_fix"": ""no""
}"
585,CVE-2022-46166,"File: spring-boot-admin-server/src/main/java/de/codecentric/boot/admin/server/notify/MicrosoftTeamsNotifier.java, Class: MicrosoftTeamsNotifier, Method: getWebhookUrl, Signature: URI getWebhookUrl()","```json
{
  ""analysis"": ""The current patch modifies the `getWebhookUrl` method within the `MicrosoftTeamsNotifier` class, which is responsible for obtaining the webhook URL used for Microsoft Teams notifications. The purpose of this change seems to be related to updating or modifying how the webhook URL is retrieved, possibly for reasons such as enhancing security, improving performance, or adapting to different environments or configurations. In contrast, the historical vulnerability fix (CVE-2022-46166) involves modifications to the `doNotify` method, which appears to deal with the actual sending of notifications and incorporates asynchronous processing principles. While both patches involve changes to the Microsoft Teams notification functionality, the current patch does not directly address a known vulnerability but rather seems to be an enhancement or maintenance update. There is no explicit indication that the `getWebhookUrl` method was previously identified as vulnerable."",
  ""vulnerability_fix"": ""no""
}
```"
